Year,period,Total Children in Care,Psychiatric RTC,Relative foster home,Supervised Independent Living,Long Term FC Non Relative,Long Term FC Relative,Interim,Boys School,State Hospital,Girls School,Hospital,Total Family-like setting,Therapeutic FC Non Relative,Specialized FC Relative,Jail,Pre-adoptive home,Crisis Center,Detention,district,Therapeutic FC Relative,Trial Home Visit,Runaway,Total Group Care,Non-relative foster home,Residential Treatment,Group Home,Specialized FC Non Relative,Unknown
2012,Jan 2012,19,1,0,0,0,0,0,0,0,0,0,4,0,0,0,0,0,1,1,0,1,0,15,3,13,0,0,0
2012,Feb 2012,21,1,0,0,0,0,0,0,0,0,0,3,0,0,0,0,0,0,1,0,0,0,18,3,17,0,0,0
2012,Mar 2012,27,1,1,0,0,0,0,0,0,1,0,5,0,0,0,0,0,1,1,0,0,0,22,4,19,0,0,0
2012,Apr 2012,30,2,1,0,0,0,0,0,0,2,0,6,0,0,0,0,0,2,1,0,0,0,24,5,18,0,0,0
2012,May 2012,33,2,1,0,0,0,0,1,0,2,0,6,0,0,0,0,0,2,1,0,0,0,27,5,20,0,0,0
2012,Jun 2012,36,3,1,0,0,0,0,3,0,2,0,7,0,0,0,0,1,2,1,0,0,0,29,6,18,0,0,0
2012,Jul 2012,38,4,1,0,0,0,0,4,0,2,0,6,0,0,0,0,0,3,1,0,0,0,32,5,19,0,0,0
2012,Aug 2012,41,8,1,0,0,0,0,6,0,2,0,6,0,0,0,0,0,1,1,0,0,0,35,5,18,0,0,0
2012,Sep 2012,43,8,1,0,0,0,0,6,0,2,0,6,0,0,0,0,0,3,1,0,0,0,37,5,18,0,0,0
2012,Oct 2012,46,10,0,0,0,0,0,6,0,2,0,5,0,0,0,0,0,2,1,0,0,0,41,5,21,0,0,0
2012,Nov 2012,55,12,0,0,0,0,0,6,0,2,0,7,0,0,0,0,0,5,1,0,0,0,48,7,23,0,0,0
2012,Dec 2012,60,11,0,0,0,0,0,7,0,2,0,6,0,0,0,0,2,7,1,0,0,0,54,6,25,0,0,0
2013,Jan 2013,57,11,0,0,0,0,0,9,0,1,0,7,0,0,0,0,0,5,1,0,0,0,50,7,23,1,0,0
2013,Feb 2013,56,11,1,0,0,0,0,7,0,1,0,8,0,0,0,0,0,7,1,0,0,0,48,7,22,0,0,0
2013,Mar 2013,60,7,0,0,0,0,0,7,0,3,0,11,0,0,0,0,0,8,1,0,1,0,49,10,23,1,0,0
2013,Apr 2013,62,6,0,0,0,0,0,7,0,5,0,9,0,0,0,0,0,10,1,0,1,0,53,8,24,1,0,0
2013,May 2013,70,5,0,0,0,0,0,13,0,5,0,10,0,0,0,0,0,8,1,0,2,1,59,8,27,1,0,0
2013,Jun 2013,76,6,0,0,0,0,0,13,0,5,0,10,0,0,0,0,0,9,1,0,1,0,66,9,32,1,0,0
2013,Jul 2013,80,8,0,0,0,0,0,15,0,5,0,10,0,0,0,0,0,8,1,0,3,0,70,7,33,1,0,0
2013,Aug 2013,70,7,0,0,0,0,0,12,0,4,0,9,0,0,0,0,1,5,1,0,1,0,61,8,31,1,0,0
2013,Sep 2013,61,7,0,0,0,0,0,14,0,4,0,5,0,0,0,0,1,1,1,0,0,0,56,5,28,1,0,0
2013,Oct 2013,60,8,0,0,0,0,0,11,0,2,0,7,0,0,0,0,0,5,1,0,1,0,53,6,26,1,0,0
2013,Nov 2013,59,6,0,0,0,0,0,12,0,2,0,7,0,0,0,0,0,8,1,0,0,0,52,7,24,0,0,0
2013,Dec 2013,56,6,0,0,0,0,0,10,0,1,0,5,0,0,0,0,1,8,1,0,0,0,51,5,25,0,0,0
2014,Jan 2014,56,5,0,0,0,0,0,9,0,2,1,7,0,0,0,0,1,9,1,0,1,0,49,6,22,0,0,0
2014,Feb 2014,61,6,0,0,0,0,0,11,0,2,1,6,0,0,0,0,0,9,1,0,1,1,54,5,24,1,0,0
2014,Mar 2014,64,6,0,1,0,0,0,10,0,3,1,8,0,0,0,0,0,11,1,0,1,2,54,6,21,2,0,0
2014,Apr 2014,65,6,0,1,0,0,0,12,0,4,1,10,0,0,0,0,0,8,1,0,1,1,54,8,22,1,0,0
2014,May 2014,58,6,0,1,0,0,0,9,0,5,1,10,0,0,0,0,0,3,1,0,0,0,48,9,23,1,0,0
2014,Jun 2014,55,6,0,0,0,0,0,9,0,6,0,8,0,0,0,0,0,6,1,0,1,0,47,7,19,1,0,0
2014,Jul 2014,53,6,0,0,0,0,0,7,0,6,0,5,0,0,0,0,0,8,1,0,0,2,46,5,18,1,0,0
2014,Aug 2014,50,4,0,0,0,0,0,8,0,6,0,5,0,0,0,0,1,5,1,0,1,3,42,4,17,1,0,0
2014,Sep 2014,55,3,1,0,0,0,0,9,0,6,0,6,0,0,0,0,0,11,1,0,1,2,47,4,17,1,0,0
2014,Oct 2014,56,4,1,0,0,0,0,7,0,6,0,5,0,0,0,0,1,9,1,0,1,2,49,3,21,1,0,0
2014,Nov 2014,58,5,0,0,0,0,0,7,0,7,0,3,0,0,0,0,0,11,1,0,1,2,53,2,22,1,0,0
2014,Dec 2014,59,3,0,0,0,0,0,7,0,6,0,5,0,0,0,0,0,13,1,0,2,2,52,3,23,0,0,0
2015,Jan 2015,57,2,0,0,0,0,0,6,0,5,0,5,0,0,0,0,1,19,1,0,1,1,51,4,18,0,0,0
2015,Feb 2015,61,5,0,0,0,0,0,9,0,6,0,4,0,0,0,0,3,10,1,0,0,1,56,4,23,0,0,0
2015,Mar 2015,63,5,0,0,0,0,0,10,0,5,0,4,0,0,0,0,2,13,1,0,0,0,59,4,24,0,0,0
2015,Apr 2015,62,5,0,0,0,0,0,8,0,5,0,4,0,0,0,0,2,11,1,0,0,0,58,4,27,0,0,0
2015,May 2015,59,4,1,0,0,0,0,9,0,5,0,5,0,0,0,0,0,11,1,0,0,0,54,4,25,0,0,0
2015,Jun 2015,54,3,1,0,0,0,0,11,0,5,0,6,0,0,0,0,0,8,1,0,0,0,48,5,21,0,0,0
2015,Jul 2015,62,6,1,0,0,0,0,12,0,5,0,6,0,0,0,0,0,11,1,0,0,0,56,5,21,1,0,0
2015,Aug 2015,53,3,1,0,0,0,0,10,0,5,0,9,0,0,0,0,0,4,1,0,0,0,44,8,21,1,0,0
2015,Sep 2015,57,4,1,0,0,0,0,10,0,5,0,8,0,0,0,0,0,8,1,0,0,0,49,7,21,1,0,0
2015,Oct 2015,57,2,2,0,0,0,0,12,0,4,0,9,0,0,0,0,0,9,1,0,0,1,47,7,19,1,0,0
2015,Nov 2015,56,3,2,0,0,0,0,11,0,4,0,9,0,0,0,0,0,11,1,0,0,1,46,7,16,1,0,0
2015,Dec 2015,58,2,2,0,0,0,0,14,0,3,0,10,0,0,0,0,0,10,1,0,0,1,47,8,17,1,0,0
2016,Jan 2016,56,5,2,1,0,0,0,14,0,2,0,12,0,0,0,0,0,6,1,0,0,1,43,9,15,1,0,0
2016,Feb 2016,58,5,2,1,0,0,0,13,0,2,0,11,0,0,0,0,1,8,1,0,0,0,47,8,16,2,0,0
2016,Mar 2016,56,4,2,0,0,0,0,11,0,3,0,11,0,0,0,0,0,9,1,0,0,2,43,9,15,1,0,0
2016,Apr 2016,54,5,1,0,0,0,0,9,0,3,0,11,0,0,0,0,0,5,1,0,1,1,42,9,19,1,0,0
2016,May 2016,55,3,2,0,0,0,0,9,0,3,0,11,0,0,0,0,0,9,1,0,2,0,44,7,19,1,0,0
2016,Jun 2016,52,4,0,0,0,0,0,8,0,2,0,10,0,0,0,0,0,8,1,0,2,1,41,8,18,1,0,0
2016,Jul 2016,49,6,0,0,0,0,0,10,0,2,0,8,0,0,0,0,0,9,1,0,2,0,41,6,13,1,0,0
2016,Aug 2016,47,6,2,0,0,0,0,9,0,1,0,9,0,0,0,0,0,9,1,0,1,0,38,6,12,1,0,0
2016,Sep 2016,49,9,1,0,0,0,0,11,0,1,0,7,0,0,0,0,0,7,1,0,0,0,42,6,13,1,0,0
2016,Oct 2016,51,9,2,0,0,0,0,12,0,1,0,8,0,0,0,0,0,6,1,0,0,1,42,6,13,1,0,0
2016,Nov 2016,51,10,2,0,0,0,0,11,0,1,0,9,0,0,0,0,1,6,1,0,0,0,42,7,12,1,0,0
2016,Dec 2016,51,9,2,0,0,0,0,11,0,1,0,11,0,0,0,0,1,5,1,0,1,1,39,8,11,1,0,0
2017,Jan 2017,45,9,1,0,0,0,0,11,0,1,2,11,0,0,0,0,0,3,1,0,1,0,34,9,7,1,0,0
2017,Feb 2017,45,10,1,0,0,0,0,11,0,2,0,9,0,0,0,0,1,4,1,0,1,0,36,7,7,1,0,0
2017,Mar 2017,46,10,2,0,0,0,0,10,0,2,0,10,0,0,0,0,1,5,1,0,1,0,36,7,7,1,0,0
2017,Apr 2017,43,9,2,0,0,0,0,10,0,2,0,8,0,0,0,0,0,7,1,0,1,0,35,5,6,1,0,0
2017,May 2017,40,7,1,0,0,0,0,8,0,2,0,7,0,0,0,0,0,8,1,0,1,0,33,5,7,1,0,0
2017,Jun 2017,44,7,2,0,0,0,0,9,0,4,0,7,0,0,0,0,1,5,1,0,1,0,37,4,11,0,0,0
2017,Jul 2017,44,6,2,0,0,0,0,9,0,4,0,7,0,0,0,0,1,2,1,0,1,0,37,4,15,0,0,0
2017,Aug 2017,44,5,2,0,0,0,0,8,0,2,0,9,1,0,0,0,1,6,1,0,0,0,35,6,13,0,0,0
2017,Sep 2017,47,4,2,0,0,0,0,8,0,3,0,7,1,0,0,0,4,7,1,0,0,0,40,4,14,0,0,0
2017,Oct 2017,48,6,3,0,0,0,0,7,0,2,0,9,1,0,0,0,1,6,1,0,1,0,39,4,17,0,0,0
2017,Nov 2017,50,7,3,0,0,0,0,5,0,2,0,9,1,0,0,0,4,9,1,0,2,0,41,3,14,0,0,0
2017,Dec 2017,45,7,3,0,0,0,0,4,0,1,0,12,1,0,0,0,2,8,1,0,2,0,33,6,11,0,0,0
2018,Jan 2018,43,6,4,0,0,0,0,3,0,1,0,13,1,0,0,0,4,2,1,0,3,0,30,5,14,0,0,0
2018,Feb 2018,48,7,4,0,0,0,0,3,0,1,0,14,1,0,0,0,4,6,1,0,3,1,33,6,12,0,0,0
2018,Mar 2018,47,7,4,0,0,0,0,5,0,2,0,14,1,0,0,0,3,2,1,0,4,0,33,5,14,0,0,0
2018,Apr 2018,51,7,3,0,0,0,0,5,0,2,0,14,1,0,0,0,2,5,1,0,4,1,36,6,15,0,0,0
2018,May 2018,47,7,4,0,0,0,0,2,0,3,0,14,1,0,0,0,0,4,1,0,3,1,32,6,16,0,0,0
2012,Jan 2012,8,1,0,0,0,0,0,1,0,0,0,1,0,0,0,0,1,1,2,0,0,0,7,1,3,0,0,0
2012,Feb 2012,10,1,0,0,0,0,0,3,0,0,0,1,0,0,0,0,1,1,2,0,0,0,9,1,3,0,0,0
2012,Mar 2012,12,2,0,0,0,0,0,3,0,0,0,2,0,0,0,0,0,1,2,0,0,0,10,2,4,0,0,0
2012,Apr 2012,13,2,0,0,0,0,0,3,0,0,0,2,0,0,0,0,1,1,2,0,0,0,11,2,4,0,0,0
2012,May 2012,15,1,0,0,0,0,0,6,0,0,0,2,0,0,0,0,1,0,2,0,0,0,13,2,5,0,0,0
2012,Jun 2012,15,1,0,0,0,0,0,6,0,0,0,2,0,0,0,0,1,0,2,0,0,0,13,2,4,1,0,0
2012,Jul 2012,16,1,0,0,0,0,0,6,0,0,0,2,0,0,0,0,0,2,2,0,0,0,14,2,4,1,0,0
2012,Aug 2012,17,1,0,0,0,0,0,6,0,0,0,2,0,0,0,0,0,2,2,0,0,0,15,2,5,1,0,0
2012,Sep 2012,18,1,0,0,0,0,0,6,0,0,0,2,0,0,0,0,0,3,2,0,0,0,16,2,5,1,0,0
2012,Oct 2012,20,1,0,0,0,0,0,7,0,0,0,2,0,0,0,0,0,2,2,0,0,0,18,2,6,2,0,0
2012,Nov 2012,21,1,0,0,0,0,0,7,0,0,0,3,0,0,0,0,0,2,2,0,0,0,18,3,6,2,0,0
2012,Dec 2012,23,1,0,0,0,0,0,7,0,0,0,3,0,0,0,0,0,3,2,0,0,0,20,3,7,2,0,0
2013,Jan 2013,19,1,0,1,0,0,0,7,0,0,0,3,0,0,1,0,0,1,2,0,0,0,16,2,5,1,0,0
2013,Feb 2013,18,1,0,2,0,0,0,8,0,0,0,4,0,0,1,0,0,0,2,0,0,0,14,2,4,0,0,0
2013,Mar 2013,19,1,0,2,0,0,0,6,0,0,0,6,0,0,0,0,0,1,2,0,0,0,13,4,4,1,0,0
2013,Apr 2013,18,1,0,2,0,0,0,6,0,0,0,6,0,0,0,0,0,1,2,0,0,0,12,4,4,0,0,0
2013,May 2013,20,1,0,2,0,0,0,6,0,0,0,6,0,0,0,0,0,2,2,0,0,0,14,4,4,1,0,0
2013,Jun 2013,18,1,0,1,0,0,0,6,0,1,0,4,0,0,0,0,0,1,2,0,0,1,13,3,4,0,0,0
2013,Jul 2013,16,1,1,0,0,0,0,5,0,1,0,3,0,0,0,0,0,0,2,0,0,1,12,2,3,2,0,0
2013,Aug 2013,18,1,2,0,0,0,0,4,0,1,0,5,0,0,1,0,0,1,2,0,0,0,13,3,3,2,0,0
2013,Sep 2013,20,1,2,0,0,0,0,3,0,1,0,7,0,0,1,0,0,2,2,0,0,0,13,5,4,1,0,0
2013,Oct 2013,20,1,3,0,0,0,0,5,0,1,0,8,0,0,0,0,0,0,2,0,0,0,12,5,4,1,0,0
2013,Nov 2013,18,1,2,0,0,0,0,5,0,1,0,6,0,0,0,0,0,0,2,0,0,0,12,4,3,2,0,0
2013,Dec 2013,17,1,3,0,0,0,0,4,0,1,0,6,0,0,0,0,0,0,2,0,0,0,11,3,4,1,0,0
2014,Jan 2014,17,0,3,0,0,0,0,3,0,1,0,7,0,0,0,0,0,0,2,0,0,0,10,4,5,1,0,0
2014,Feb 2014,17,0,3,0,0,0,0,2,0,1,0,8,0,0,0,0,0,0,2,0,1,0,9,4,5,1,0,0
2014,Mar 2014,17,0,3,0,0,0,0,1,0,0,0,7,0,0,0,0,0,3,2,0,1,0,10,3,5,1,0,0
2014,Apr 2014,19,0,3,0,0,0,0,1,0,0,0,7,0,0,0,0,0,3,2,0,1,0,12,3,7,1,0,0
2014,May 2014,20,0,3,0,0,0,0,1,0,0,0,8,0,0,0,0,0,3,2,0,1,0,12,4,8,0,0,0
2014,Jun 2014,20,0,2,0,0,0,0,2,0,0,0,6,0,0,0,0,0,3,2,0,2,0,14,2,9,0,0,0
2014,Jul 2014,21,1,1,0,0,0,0,4,0,0,0,5,0,0,0,0,0,3,2,0,2,0,16,2,8,0,0,0
2014,Aug 2014,22,1,1,0,0,0,0,5,0,0,0,5,0,0,0,0,0,3,2,0,0,0,17,4,8,0,0,0
2014,Sep 2014,21,2,1,0,0,0,0,6,0,1,0,5,0,0,0,0,0,0,2,0,0,0,16,4,7,0,0,0
2014,Oct 2014,21,2,1,0,0,0,0,6,0,1,0,4,0,0,0,0,0,1,2,0,0,0,17,3,7,0,0,0
2014,Nov 2014,22,2,1,0,0,0,0,6,0,1,0,4,0,0,0,0,1,1,2,0,0,0,18,3,7,0,0,0
2014,Dec 2014,23,3,1,0,0,0,0,5,0,1,0,5,0,0,0,0,0,0,2,0,1,0,18,3,9,0,0,0
2015,Jan 2015,25,2,1,0,0,0,0,4,0,1,0,5,0,0,0,0,0,1,2,0,1,0,20,3,11,1,0,0
2015,Feb 2015,24,2,0,0,0,0,0,3,0,2,0,4,0,0,0,0,0,1,2,0,1,0,20,3,11,1,0,0
2015,Mar 2015,25,2,0,0,0,0,0,2,0,2,0,5,0,0,0,0,1,1,2,0,2,0,20,3,11,1,0,0
2015,Apr 2015,25,2,0,0,0,0,0,2,0,2,0,5,0,0,0,0,0,1,2,0,2,0,20,3,11,2,0,0
2015,May 2015,23,1,0,0,0,0,0,3,0,2,0,4,0,0,0,0,0,1,2,0,3,0,19,1,10,2,0,0
2015,Jun 2015,20,1,0,0,0,0,0,2,0,2,0,3,0,0,0,0,1,0,2,0,2,0,17,1,8,3,0,0
2015,Jul 2015,20,1,0,0,0,0,0,2,0,2,0,3,0,0,0,0,1,2,2,0,2,0,17,1,7,2,0,0
2015,Aug 2015,20,0,0,0,0,0,0,3,0,2,0,5,0,0,0,0,1,2,2,0,3,0,15,2,6,1,0,0
2015,Sep 2015,18,0,0,0,0,0,0,4,0,2,0,5,0,0,0,0,1,0,2,0,3,0,13,2,5,1,0,0
2015,Oct 2015,13,0,0,0,0,0,0,4,0,0,0,4,0,0,0,0,2,0,2,0,2,0,9,2,2,1,0,0
2015,Nov 2015,12,0,0,0,0,0,0,4,0,0,0,3,0,0,0,0,0,0,2,0,2,0,9,1,4,1,0,0
2015,Dec 2015,12,0,0,0,0,0,0,3,0,0,0,5,0,0,0,0,0,0,2,0,4,0,7,1,4,0,0,0
2016,Jan 2016,11,0,0,0,0,0,0,3,0,0,0,2,0,0,0,0,0,1,2,0,1,0,9,1,5,0,0,0
2016,Feb 2016,11,1,0,0,0,0,0,3,0,0,0,2,0,0,0,0,0,1,2,0,1,0,9,1,4,0,0,0
2016,Mar 2016,11,0,0,0,0,0,0,3,0,0,0,1,0,0,0,0,0,3,2,0,0,0,10,1,4,0,0,0
2016,Apr 2016,10,0,0,0,0,0,0,3,0,0,0,1,0,0,0,0,0,2,2,0,0,0,9,1,4,0,0,0
2016,May 2016,11,0,0,0,0,0,0,2,0,0,0,1,0,0,0,0,1,3,2,0,0,0,10,1,4,0,0,0
2016,Jun 2016,11,0,0,0,0,0,0,1,0,0,0,2,0,0,0,0,0,2,2,0,1,0,9,1,5,1,0,0
2016,Jul 2016,11,0,0,0,0,0,0,1,0,1,0,2,0,0,0,0,0,1,2,0,1,0,9,1,5,1,0,0
2016,Aug 2016,9,1,0,0,0,0,0,1,0,1,0,1,0,0,0,0,0,1,2,0,0,0,8,1,3,1,0,0
2016,Sep 2016,11,2,0,0,0,0,0,1,0,1,0,1,0,0,0,0,0,1,2,0,0,0,10,1,3,2,0,0
2016,Oct 2016,14,1,0,0,0,0,0,2,0,1,0,1,0,0,0,0,2,2,2,0,0,0,13,1,3,2,0,0
2016,Nov 2016,17,1,0,0,0,0,0,5,0,1,0,2,0,0,0,0,1,1,2,0,1,0,15,1,3,3,0,0
2016,Dec 2016,19,2,1,0,0,0,0,6,0,1,0,3,0,0,0,0,0,0,2,0,1,0,16,1,4,3,0,0
2017,Jan 2017,18,2,1,0,0,0,0,7,0,1,0,2,0,0,0,0,0,0,2,0,0,0,16,1,5,1,0,0
2017,Feb 2017,20,2,1,0,0,0,0,7,0,1,0,3,0,0,0,0,0,0,2,0,1,0,17,1,5,2,0,0
2017,Mar 2017,18,2,1,0,0,0,0,6,0,2,0,2,0,0,0,0,0,0,2,0,0,0,16,1,4,2,0,0
2017,Apr 2017,18,1,1,0,0,0,0,6,0,2,0,2,0,0,0,0,0,0,2,0,0,0,16,1,5,2,0,0
2017,May 2017,20,1,1,0,0,0,0,6,0,1,0,3,0,0,0,0,0,0,2,0,1,0,17,1,6,3,0,0
2017,Jun 2017,20,1,1,0,0,0,0,6,0,1,0,3,0,0,0,0,0,0,2,0,1,0,17,1,7,2,0,0
2017,Jul 2017,20,1,1,0,0,0,0,5,0,1,0,3,0,0,0,0,0,0,2,0,1,0,17,1,7,3,0,0
2017,Aug 2017,16,0,2,0,0,0,0,3,0,1,0,4,0,0,0,0,0,1,2,0,1,0,11,1,4,2,0,1
2017,Sep 2017,16,0,2,0,0,0,0,3,0,1,1,3,0,0,0,0,0,2,2,0,0,1,12,1,4,1,0,0
2017,Oct 2017,14,0,2,0,0,0,0,3,0,2,0,3,0,0,0,0,1,1,2,0,0,0,11,1,4,0,0,0
2017,Nov 2017,15,0,1,0,0,0,0,3,0,2,0,2,0,0,0,0,0,3,2,0,0,0,13,1,4,1,0,0
2017,Dec 2017,14,1,1,0,0,0,0,3,0,2,0,2,0,0,0,0,0,0,2,0,0,0,12,1,5,1,0,0
2018,Jan 2018,16,1,1,0,0,0,0,3,0,2,0,2,0,0,0,0,0,1,2,0,0,0,14,1,5,2,0,0
2018,Feb 2018,19,1,1,0,0,0,0,4,0,2,0,3,0,0,0,0,0,1,2,0,1,0,16,1,4,4,0,0
2018,Mar 2018,19,2,1,0,0,0,0,4,0,1,0,5,0,0,0,0,0,1,2,0,3,0,14,1,3,3,0,0
2018,Apr 2018,22,2,1,0,0,0,0,5,0,1,0,5,0,0,0,0,0,3,2,0,3,0,17,1,3,3,0,0
2018,May 2018,19,2,1,0,0,0,0,3,0,1,0,5,0,0,0,0,0,1,2,0,4,0,14,0,4,3,0,0
2012,Jan 2012,19,0,0,0,0,0,0,2,0,0,0,1,0,0,0,0,0,1,3,0,0,0,18,1,9,6,0,0
2012,Feb 2012,25,0,1,0,0,0,0,2,0,1,0,2,0,0,0,0,0,1,3,0,0,0,23,1,11,8,0,0
2012,Mar 2012,27,0,1,0,0,0,0,3,0,2,0,2,0,0,0,0,0,1,3,0,0,0,25,1,12,7,0,0
2012,Apr 2012,30,0,1,0,0,0,0,4,0,2,0,3,0,0,0,0,0,0,3,0,0,0,27,2,13,8,0,0
2012,May 2012,35,2,1,0,0,0,0,3,0,2,0,3,0,0,0,0,0,3,3,0,0,0,32,2,11,11,0,0
2012,Jun 2012,38,3,1,0,0,0,0,3,0,4,0,3,0,0,0,0,0,2,3,0,0,0,35,2,11,12,0,0
2012,Jul 2012,39,3,1,0,0,0,0,3,0,4,0,3,0,0,0,0,0,2,3,0,0,0,36,2,13,11,0,0
2012,Aug 2012,47,3,1,0,0,0,0,12,0,7,0,4,0,0,0,0,0,0,3,0,0,0,43,3,14,7,0,0
2012,Sep 2012,49,3,1,0,0,0,0,12,0,7,0,4,0,0,0,0,0,1,3,0,0,0,45,3,13,9,0,0
2012,Oct 2012,58,3,1,0,0,0,0,14,0,7,0,4,0,0,0,0,0,6,3,0,0,0,54,3,13,11,0,0
2012,Nov 2012,65,3,1,0,0,0,0,20,0,9,0,3,0,0,0,0,0,1,3,0,0,0,62,2,15,14,0,0
2012,Dec 2012,71,3,1,0,0,0,0,23,0,10,0,3,0,0,0,0,0,1,3,0,0,0,68,2,15,16,0,0
2013,Jan 2013,74,2,1,0,0,0,0,25,0,7,0,3,0,0,0,0,0,6,3,0,0,0,71,2,17,14,0,0
2013,Feb 2013,82,2,2,0,0,0,0,30,0,9,0,4,0,0,0,0,0,3,3,0,0,0,78,2,16,18,0,0
2013,Mar 2013,78,3,3,0,0,0,0,29,0,10,0,5,0,0,0,0,0,0,3,0,0,0,73,2,16,15,0,0
2013,Apr 2013,89,3,3,1,0,0,0,30,0,12,0,6,0,0,0,0,0,1,3,0,0,0,83,2,20,17,0,0
2013,May 2013,87,3,4,1,0,0,0,26,0,11,0,8,0,0,0,0,0,3,3,0,1,0,79,2,21,15,0,0
2013,Jun 2013,74,3,3,2,0,0,0,20,0,13,0,8,0,0,0,0,0,1,3,0,1,0,66,2,18,11,0,0
2013,Jul 2013,72,4,4,1,0,0,0,20,0,13,0,7,0,0,0,0,0,0,3,0,0,0,65,2,17,11,0,0
2013,Aug 2013,65,4,5,1,0,0,0,17,0,8,0,8,0,0,0,0,0,1,3,0,0,0,57,2,15,12,0,0
2013,Sep 2013,60,5,4,1,0,0,0,17,0,8,0,7,0,0,0,0,0,0,3,0,0,0,53,2,12,11,0,0
2013,Oct 2013,61,5,2,1,0,0,0,13,0,6,0,5,0,0,0,0,0,1,3,0,0,0,56,2,13,18,0,0
2013,Nov 2013,64,5,2,1,0,0,0,16,0,7,0,6,0,0,0,0,0,2,3,0,1,0,58,2,11,17,0,0
2013,Dec 2013,62,5,2,1,0,0,0,15,0,7,0,6,0,0,0,0,0,2,3,0,1,0,56,2,15,12,0,0
2014,Jan 2014,63,5,1,1,0,0,0,15,0,6,0,5,0,0,0,0,0,4,3,0,1,0,58,2,16,12,0,0
2014,Feb 2014,70,6,1,1,0,0,0,16,0,8,0,5,0,0,0,0,0,1,3,0,1,0,65,2,18,16,0,0
2014,Mar 2014,72,8,1,1,0,0,0,16,0,9,0,5,0,0,0,0,0,0,3,0,1,0,67,2,18,16,0,0
2014,Apr 2014,72,8,1,0,0,0,0,18,0,10,0,2,0,0,0,0,0,1,3,0,0,0,70,1,18,15,0,0
2014,May 2014,75,8,1,0,0,0,0,15,0,11,0,2,0,0,0,0,0,6,3,0,0,0,73,1,18,15,0,0
2014,Jun 2014,78,5,1,0,0,0,0,18,0,12,0,2,0,0,0,0,0,4,3,0,0,0,76,1,21,16,0,0
2014,Jul 2014,72,5,1,0,0,0,0,20,0,12,0,2,0,0,0,0,0,1,3,0,0,0,70,1,18,14,0,0
2014,Aug 2014,66,2,0,0,0,0,0,14,0,9,0,3,0,0,0,0,0,2,3,0,2,0,63,1,17,19,0,0
2014,Sep 2014,66,2,0,0,0,0,0,14,0,12,0,4,0,0,0,0,0,2,3,0,3,0,62,1,15,17,0,0
2014,Oct 2014,73,2,0,0,0,0,0,14,0,12,0,4,0,0,0,0,0,4,3,0,3,1,68,1,17,19,0,0
2014,Nov 2014,80,3,0,0,0,0,0,19,0,11,0,3,0,0,0,0,0,3,3,0,2,0,77,1,17,24,0,0
2014,Dec 2014,78,2,0,0,0,0,0,20,0,12,0,3,0,0,0,0,0,1,3,0,2,1,74,1,18,21,0,0
2015,Jan 2015,69,1,0,0,0,0,0,17,0,9,0,2,0,0,0,0,0,3,3,0,2,0,67,0,19,18,0,0
2015,Feb 2015,70,1,0,1,0,0,0,19,0,9,0,2,0,0,0,0,0,0,3,0,1,0,68,0,21,18,0,0
2015,Mar 2015,72,1,0,0,0,0,0,17,0,7,0,1,0,0,0,0,0,1,3,0,1,0,71,0,22,23,0,0
2015,Apr 2015,73,2,0,0,0,0,0,17,0,7,1,1,0,0,0,0,1,0,3,0,1,0,72,0,23,21,0,0
2015,May 2015,72,2,0,0,0,0,0,14,0,6,0,1,0,0,0,0,1,2,3,0,1,0,71,0,23,23,0,0
2015,Jun 2015,62,3,1,0,0,0,0,17,0,4,0,1,0,0,0,0,1,0,3,0,0,0,61,0,17,19,0,0
2015,Jul 2015,60,4,1,0,0,0,0,15,0,5,0,1,0,0,0,0,1,0,3,0,0,0,59,0,19,15,0,0
2015,Aug 2015,52,2,1,0,0,0,0,14,0,2,1,1,0,0,0,0,1,3,3,0,0,1,50,0,18,9,0,0
2015,Sep 2015,57,3,1,0,0,0,0,19,0,2,1,1,0,0,0,0,2,3,3,0,0,0,56,0,15,11,0,0
2015,Oct 2015,60,3,1,0,0,0,0,21,0,3,0,2,0,0,0,0,1,1,3,0,1,0,58,0,16,13,0,0
2015,Nov 2015,63,4,1,0,0,0,0,20,0,7,0,1,0,0,0,0,1,2,3,0,0,1,61,0,13,14,0,0
2015,Dec 2015,64,3,1,0,0,0,0,19,0,8,0,1,0,0,0,0,1,2,3,0,0,0,63,0,13,17,0,0
2016,Jan 2016,59,3,0,0,0,0,0,18,0,9,0,1,0,0,0,0,1,1,3,0,1,0,58,0,9,17,0,0
2016,Feb 2016,68,3,0,0,0,0,0,19,0,10,0,1,0,0,0,0,1,3,3,0,1,0,67,0,10,21,0,0
2016,Mar 2016,72,3,0,0,0,0,0,18,0,9,1,1,0,0,0,0,1,1,3,0,1,0,71,0,14,24,0,0
2016,Apr 2016,75,3,0,0,0,0,0,21,0,10,1,1,0,0,0,0,1,1,3,0,1,0,74,0,16,21,0,0
2016,May 2016,76,2,0,0,0,0,0,16,0,13,0,1,0,0,0,0,0,1,3,0,1,0,75,0,22,21,0,0
2016,Jun 2016,69,1,0,0,0,0,0,16,0,8,0,1,0,0,0,0,0,0,3,0,1,0,68,0,22,21,0,0
2016,Jul 2016,73,2,1,0,0,0,0,19,0,8,0,3,0,0,0,0,0,0,3,0,1,0,70,1,22,19,0,0
2016,Aug 2016,67,2,1,0,0,0,0,20,0,10,0,3,0,0,0,0,0,1,3,0,1,0,64,1,17,14,0,0
2016,Sep 2016,76,1,1,0,0,0,0,19,0,13,0,3,0,0,0,0,0,1,3,0,1,0,73,1,17,22,0,0
2016,Oct 2016,77,1,1,0,0,0,0,18,0,12,1,3,0,0,0,0,0,2,3,0,1,0,74,1,17,23,0,0
2016,Nov 2016,75,1,1,0,0,0,0,20,0,13,0,2,0,0,0,0,0,2,3,0,0,0,73,1,17,20,0,0
2016,Dec 2016,73,1,1,0,0,0,0,16,0,15,0,2,0,0,0,0,0,1,3,0,0,0,71,1,14,24,0,0
2017,Jan 2017,80,1,1,0,0,0,0,15,0,15,1,2,0,0,0,0,0,4,3,0,0,1,77,1,15,26,0,0
2017,Feb 2017,78,1,1,0,0,0,0,16,0,18,0,1,0,0,0,0,0,5,3,0,0,0,77,0,17,20,0,0
2017,Mar 2017,78,1,0,0,0,0,0,18,0,14,0,0,0,0,0,0,0,3,3,0,0,0,78,0,17,25,0,0
2017,Apr 2017,87,2,0,0,0,0,0,19,0,14,0,0,0,0,0,0,0,6,3,0,0,0,87,0,17,29,0,0
2017,May 2017,85,2,0,0,0,0,0,23,0,14,1,1,0,0,0,0,0,1,3,0,1,0,84,0,18,25,0,0
2017,Jun 2017,81,2,0,0,0,0,0,24,0,13,1,1,0,0,0,0,0,1,3,0,1,0,80,0,17,22,0,0
2017,Jul 2017,81,2,0,0,0,0,0,22,0,10,1,1,0,0,0,0,0,1,3,0,1,0,80,0,18,26,0,0
2017,Aug 2017,78,3,0,0,0,0,0,23,0,10,0,1,0,0,0,0,0,1,3,0,1,0,77,0,17,23,0,0
2017,Sep 2017,82,3,0,0,0,0,0,23,0,10,0,1,0,0,0,0,0,1,3,0,1,0,80,0,20,23,0,1
2017,Oct 2017,79,1,0,0,0,0,0,21,0,8,0,1,0,0,0,0,0,0,3,0,0,0,77,1,26,21,0,1
2017,Nov 2017,81,1,0,0,0,0,0,21,0,10,0,2,0,0,0,0,0,0,3,0,1,0,78,1,27,19,0,1
2017,Dec 2017,76,1,0,0,0,0,0,14,0,7,0,3,0,0,0,0,0,0,3,0,1,0,72,2,30,20,0,1
2018,Jan 2018,78,2,0,0,0,0,0,14,0,7,0,3,0,0,0,0,0,0,3,0,2,0,75,1,30,22,0,0
2018,Feb 2018,77,3,0,0,0,0,0,12,0,5,0,3,0,0,0,0,0,1,3,0,2,0,74,1,29,24,0,0
2018,Mar 2018,85,4,1,0,0,0,0,15,0,8,0,4,0,0,0,0,0,2,3,0,2,0,81,1,28,24,0,0
2018,Apr 2018,84,4,1,0,0,0,0,16,0,10,0,3,0,0,0,0,0,0,3,0,1,0,81,1,28,23,0,0
2018,May 2018,75,5,0,0,0,0,0,14,0,8,0,2,0,0,0,0,0,1,3,0,1,0,73,1,27,18,0,0
2012,Jan 2012,1,0,0,0,0,0,0,0,0,1,0,0,0,0,0,0,0,0,4,0,0,0,1,0,0,0,0,0
2012,Feb 2012,3,0,0,0,0,0,0,0,0,1,0,0,0,0,0,0,0,0,4,0,0,0,3,0,1,1,0,0
2012,Mar 2012,3,0,0,0,0,0,0,0,0,1,0,0,0,0,0,0,0,0,4,0,0,0,3,0,1,1,0,0
2012,Apr 2012,4,0,0,0,0,0,0,0,0,2,0,0,0,0,0,0,0,0,4,0,0,0,4,0,1,1,0,0
2012,May 2012,6,0,0,0,0,0,0,0,0,3,0,0,0,0,0,0,0,0,4,0,0,0,6,0,1,2,0,0
2012,Jun 2012,6,0,0,0,0,0,0,0,0,4,0,0,0,0,0,0,0,0,4,0,0,0,6,0,1,1,0,0
2012,Jul 2012,6,0,0,0,0,0,0,0,0,4,0,0,0,0,0,0,0,0,4,0,0,0,6,0,1,1,0,0
2012,Aug 2012,8,0,0,0,0,0,0,1,0,4,0,0,0,0,0,0,0,0,4,0,0,0,8,0,1,2,0,0
2012,Sep 2012,9,0,0,0,1,0,0,1,0,4,0,1,0,0,0,0,0,0,4,0,0,0,8,0,3,0,0,0
2012,Oct 2012,10,0,0,0,1,0,0,1,0,5,0,1,0,0,0,0,0,0,4,0,0,0,9,0,3,0,0,0
2012,Nov 2012,13,0,0,0,1,0,0,1,0,5,0,1,0,0,0,0,0,1,4,0,0,0,12,0,4,1,0,0
2012,Dec 2012,16,2,0,0,1,0,0,2,0,6,0,1,0,0,0,0,0,0,4,0,0,0,15,0,4,1,0,0
2013,Jan 2013,19,2,0,0,1,0,0,4,0,6,0,1,0,0,0,0,0,2,4,0,0,0,18,0,2,2,0,0
2013,Feb 2013,19,2,0,0,1,0,0,6,0,7,0,1,0,0,0,0,0,0,4,0,0,0,18,0,2,1,0,0
2013,Mar 2013,18,2,0,0,1,0,0,4,0,6,0,1,0,0,0,0,0,1,4,0,0,0,17,0,2,2,0,0
2013,Apr 2013,18,3,0,0,1,0,0,4,0,6,0,1,0,0,0,0,0,2,4,0,0,0,17,0,2,0,0,0
2013,May 2013,18,2,0,0,1,0,0,4,0,3,0,1,0,0,0,0,0,2,4,0,0,0,17,0,3,3,0,0
2013,Jun 2013,14,1,0,0,1,0,0,2,0,4,0,1,0,0,0,0,0,1,4,0,0,0,13,0,3,2,0,0
2013,Jul 2013,11,1,0,0,1,0,0,1,0,3,0,1,0,0,0,0,0,1,4,0,0,0,10,0,3,1,0,0
2013,Aug 2013,9,1,0,0,0,0,0,0,0,3,0,1,0,0,0,0,0,0,4,0,1,0,8,0,3,1,0,0
2013,Sep 2013,11,1,0,0,0,0,0,0,0,3,0,1,0,0,0,0,0,3,4,0,1,0,10,0,3,0,0,0
2013,Oct 2013,11,1,0,0,0,0,0,2,0,4,0,1,0,0,0,0,0,1,4,0,1,0,10,0,2,0,0,0
2013,Nov 2013,15,1,0,0,0,0,0,4,0,5,0,1,0,0,0,0,0,0,4,0,1,0,14,0,2,2,0,0
2013,Dec 2013,17,1,0,0,0,0,0,4,0,5,0,1,0,0,0,0,0,2,4,0,1,0,16,0,1,3,0,0
2014,Jan 2014,17,2,0,0,0,0,0,6,0,4,0,1,0,0,0,0,0,0,4,0,1,0,16,0,1,3,0,0
2014,Feb 2014,20,2,0,0,0,0,0,6,0,4,1,1,0,0,0,0,0,1,4,0,1,0,19,0,3,2,0,0
2014,Mar 2014,20,3,0,0,0,0,0,6,0,5,0,0,0,0,0,0,0,0,4,0,0,0,20,0,3,3,0,0
2014,Apr 2014,23,3,0,0,0,0,0,6,0,5,0,0,0,0,0,0,0,0,4,0,0,0,23,0,5,4,0,0
2014,May 2014,23,3,0,0,0,0,0,5,0,5,0,0,0,0,0,0,0,1,4,0,0,0,23,0,5,4,0,0
2014,Jun 2014,20,3,0,0,0,0,0,5,0,4,0,0,0,0,0,0,0,0,4,0,0,0,20,0,5,3,0,0
2014,Jul 2014,19,3,0,0,0,0,0,4,0,5,0,0,0,0,0,0,0,0,4,0,0,0,19,0,4,3,0,0
2014,Aug 2014,19,3,0,1,0,0,0,3,0,4,0,1,0,0,0,0,0,2,4,0,0,0,18,0,4,2,0,0
2014,Sep 2014,21,3,0,0,0,0,0,4,0,4,0,1,0,0,0,0,0,0,4,0,0,1,19,1,5,3,0,0
2014,Oct 2014,20,2,0,0,0,0,0,5,0,4,0,1,0,0,0,0,0,0,4,0,0,1,18,1,6,1,0,0
2014,Nov 2014,24,2,0,0,0,0,0,5,0,4,1,1,0,0,0,0,0,2,4,0,0,1,22,1,5,3,0,0
2014,Dec 2014,23,2,0,0,0,0,0,7,0,4,0,1,0,0,0,0,0,1,4,0,0,1,21,1,5,2,0,0
2015,Jan 2015,20,2,0,0,0,0,0,7,0,2,0,1,0,0,0,0,0,0,4,0,0,1,18,1,5,2,0,0
2015,Feb 2015,20,2,0,0,0,0,0,7,0,3,0,1,0,0,0,0,0,0,4,0,0,0,19,1,5,2,0,0
2015,Mar 2015,16,1,0,0,0,0,0,7,0,2,1,1,0,0,0,0,0,0,4,0,0,0,15,1,3,1,0,0
2015,Apr 2015,18,1,0,0,0,0,0,7,0,3,0,1,0,0,0,0,0,1,4,0,0,0,17,1,3,2,0,0
2015,May 2015,15,1,0,0,0,0,0,5,0,2,1,3,0,0,0,0,0,1,4,0,1,0,12,2,1,1,0,0
2015,Jun 2015,16,0,1,0,0,0,0,5,0,2,0,2,0,0,0,0,0,3,4,0,1,0,14,0,2,2,0,0
2015,Jul 2015,16,1,1,0,0,0,0,7,0,2,0,2,0,0,0,0,0,1,4,0,1,0,14,0,1,2,0,0
2015,Aug 2015,13,1,1,0,0,0,0,6,0,1,0,2,0,0,0,0,0,0,4,0,1,0,11,0,1,2,0,0
2015,Sep 2015,17,1,1,0,0,0,0,8,0,1,0,2,0,0,0,0,0,0,4,0,1,0,15,0,1,4,0,0
2015,Oct 2015,17,1,1,0,0,0,0,7,0,1,0,1,0,0,0,0,0,1,4,0,0,0,16,0,1,5,0,0
2015,Nov 2015,19,1,1,0,0,0,0,9,0,2,0,1,0,0,0,0,0,0,4,0,0,0,18,0,1,5,0,0
2015,Dec 2015,19,1,1,0,0,0,0,9,0,2,0,1,0,0,0,0,0,0,4,0,0,0,18,0,1,5,0,0
2016,Jan 2016,18,2,1,0,0,0,0,9,0,1,0,1,0,0,0,0,0,0,4,0,0,0,17,0,1,4,0,0
2016,Feb 2016,18,2,1,0,0,0,0,7,0,1,0,1,0,0,0,0,0,1,4,0,0,0,17,0,1,5,0,0
2016,Mar 2016,17,2,1,0,0,0,0,4,0,1,0,1,0,0,0,0,0,1,4,0,0,0,16,0,1,7,0,0
2016,Apr 2016,11,1,1,0,0,0,0,3,0,1,0,1,0,0,0,0,0,0,4,0,0,0,10,0,3,2,0,0
2016,May 2016,9,1,1,0,0,0,0,1,0,1,0,1,0,0,0,0,0,0,4,0,0,0,8,0,2,3,0,0
2016,Jun 2016,9,1,1,0,0,0,0,2,0,0,0,1,0,0,0,0,0,0,4,0,0,0,8,0,3,2,0,0
2016,Jul 2016,9,1,1,0,0,0,0,1,0,0,0,1,0,0,0,0,0,1,4,0,0,0,8,0,3,2,0,0
2016,Aug 2016,10,1,1,0,0,0,0,0,0,0,0,2,0,0,1,0,0,3,4,0,0,0,8,1,3,0,0,0
2016,Sep 2016,13,1,1,0,0,0,0,2,0,2,0,2,0,0,1,0,0,1,4,0,0,0,11,1,2,2,0,0
2016,Oct 2016,13,1,1,0,0,0,0,5,0,2,0,2,0,0,0,0,0,0,4,0,0,0,11,1,1,2,0,0
2016,Nov 2016,13,1,1,0,0,0,0,5,0,2,0,2,0,0,0,0,0,1,4,0,0,0,11,1,0,2,0,0
2016,Dec 2016,13,1,0,0,0,0,0,6,0,3,0,1,0,0,0,0,0,0,4,0,0,0,12,1,0,2,0,0
2017,Jan 2017,13,1,0,0,0,0,0,7,0,3,0,0,0,0,0,0,0,0,4,0,0,0,13,0,0,2,0,0
2017,Feb 2017,15,1,0,0,0,0,0,7,0,2,0,0,0,0,0,0,0,2,4,0,0,0,15,0,1,2,0,0
2017,Mar 2017,18,1,0,0,0,0,0,7,0,2,0,0,0,0,1,0,0,2,4,0,0,0,18,0,1,4,0,0
2017,Apr 2017,17,1,0,0,0,0,0,7,0,2,0,1,0,0,1,0,0,0,4,0,0,0,16,1,2,3,0,0
2017,May 2017,15,1,0,0,0,0,0,7,0,1,0,2,0,0,0,0,0,0,4,0,1,0,13,1,2,2,0,0
2017,Jun 2017,12,1,0,0,0,0,0,7,0,1,0,1,0,0,0,0,0,0,4,0,0,0,11,1,2,0,0,0
2017,Jul 2017,13,1,0,0,0,0,0,7,0,1,0,1,0,0,0,0,0,0,4,0,0,0,12,1,2,1,0,0
2017,Aug 2017,12,1,0,0,0,0,0,6,0,1,0,1,0,0,0,0,0,0,4,0,0,0,11,1,2,1,0,0
2017,Sep 2017,13,1,0,0,0,0,0,6,0,1,0,2,0,0,0,0,0,1,4,0,1,0,11,1,1,1,0,0
2017,Oct 2017,15,1,0,0,0,0,0,8,0,3,0,1,0,0,0,0,0,1,4,0,0,0,14,1,0,1,0,0
2017,Nov 2017,13,1,0,0,0,0,0,8,0,3,0,1,0,0,0,0,0,0,4,0,0,0,12,1,0,0,0,0
2017,Dec 2017,14,1,0,0,0,0,0,7,0,4,0,0,0,0,0,0,0,0,4,0,0,0,14,0,0,2,0,0
2018,Jan 2018,15,1,0,0,0,0,0,7,0,4,0,0,0,0,0,0,0,2,4,0,0,0,15,0,0,1,0,0
2018,Feb 2018,15,1,0,0,0,0,0,7,0,4,0,0,0,0,0,0,0,2,4,0,0,0,15,0,0,1,0,0
2018,Mar 2018,15,1,0,0,0,0,0,7,0,4,0,0,0,0,0,0,0,2,4,0,0,0,15,0,0,1,0,0
2018,Apr 2018,15,0,1,0,0,0,0,6,0,4,0,1,0,0,0,0,0,2,4,0,0,0,14,0,0,2,0,0
2018,May 2018,15,0,1,0,0,0,0,6,0,3,0,1,0,0,0,0,0,2,4,0,0,0,14,0,0,3,0,0
2012,Jan 2012,6,0,0,0,0,0,0,2,0,2,0,0,0,0,0,0,0,0,5,0,0,0,6,0,1,1,0,0
2012,Feb 2012,9,0,0,0,0,0,0,2,0,2,0,0,0,0,0,0,0,2,5,0,0,0,9,0,2,1,0,0
2012,Mar 2012,9,0,0,0,0,0,0,3,0,2,0,0,0,0,0,0,0,0,5,0,0,0,9,0,3,1,0,0
2012,Apr 2012,10,0,0,0,0,0,0,3,0,1,0,1,0,0,0,0,0,0,5,0,0,0,9,1,3,2,0,0
2012,May 2012,11,0,0,0,0,0,0,3,0,1,0,2,0,0,0,0,0,0,5,0,0,0,9,2,5,0,0,0
2012,Jun 2012,12,0,0,0,0,0,0,4,0,1,0,2,0,0,0,0,0,0,5,0,0,0,10,2,5,0,0,0
2012,Jul 2012,15,0,0,0,0,0,0,4,0,2,0,1,0,0,0,0,0,0,5,0,0,0,14,1,6,2,0,0
2012,Aug 2012,18,0,0,0,0,0,0,7,0,2,0,1,0,0,0,0,0,0,5,0,0,0,17,1,6,2,0,0
2012,Sep 2012,18,0,0,0,0,0,0,6,0,2,0,2,0,0,0,0,0,0,5,0,0,0,16,2,6,2,0,0
2012,Oct 2012,22,1,0,0,0,0,0,7,0,2,0,2,0,0,0,0,0,0,5,0,0,0,20,2,7,3,0,0
2012,Nov 2012,25,1,0,0,0,0,0,8,1,2,0,2,0,0,0,0,0,0,5,0,0,0,23,2,8,3,0,0
2012,Dec 2012,27,1,0,1,0,0,0,7,1,3,0,3,0,0,0,0,0,0,5,0,0,0,24,2,8,4,0,0
2013,Jan 2013,25,1,0,0,0,0,0,7,0,3,0,2,0,0,0,0,0,2,5,0,0,0,23,2,7,3,0,0
2013,Feb 2013,25,1,0,0,0,0,0,7,0,3,0,2,0,0,0,0,0,2,5,0,0,0,23,2,8,2,0,0
2013,Mar 2013,27,0,0,0,0,0,0,7,0,3,0,2,0,0,0,0,0,3,5,0,0,0,25,2,8,4,0,0
2013,Apr 2013,28,1,0,0,0,0,0,9,0,4,0,2,0,0,0,0,0,1,5,0,0,0,26,2,7,4,0,0
2013,May 2013,30,1,0,1,0,0,0,8,0,3,0,3,0,0,1,0,0,0,5,0,0,0,27,2,7,7,0,0
2013,Jun 2013,29,1,0,1,0,0,0,7,0,3,0,4,0,0,0,0,0,0,5,0,0,0,25,3,7,7,0,0
2013,Jul 2013,22,1,0,0,0,0,0,6,0,2,0,3,0,0,0,0,0,0,5,0,0,0,19,3,5,5,0,0
2013,Aug 2013,18,1,0,0,0,0,0,5,0,1,0,2,0,0,0,0,0,0,5,0,0,1,15,2,5,3,0,0
2013,Sep 2013,20,0,0,0,0,0,0,5,0,1,0,2,0,0,0,0,0,0,5,0,0,1,17,2,6,5,0,0
2013,Oct 2013,21,2,0,0,0,0,0,3,0,1,0,2,0,0,0,0,0,1,5,0,0,1,18,2,5,6,0,0
2013,Nov 2013,18,1,0,1,0,0,0,2,0,0,0,2,0,0,1,0,1,0,5,0,0,0,16,1,4,7,0,0
2013,Dec 2013,18,1,0,1,0,0,0,4,0,0,0,2,0,0,0,0,1,0,5,0,0,0,16,1,4,6,0,0
2014,Jan 2014,18,1,0,1,0,0,0,4,0,0,0,3,0,0,0,0,1,0,5,0,1,0,15,1,5,4,0,0
2014,Feb 2014,19,1,0,0,0,0,0,4,0,0,0,2,0,0,0,0,1,1,5,0,1,0,17,1,5,5,0,0
2014,Mar 2014,19,1,0,0,0,0,0,2,0,1,0,2,0,0,0,0,1,1,5,0,1,0,17,1,5,6,0,0
2014,Apr 2014,24,1,2,0,0,0,0,4,0,3,0,3,0,0,0,0,1,1,5,0,0,0,21,1,5,6,0,0
2014,May 2014,22,2,2,0,0,0,0,5,0,3,0,2,0,0,0,0,1,0,5,0,0,0,20,0,5,4,0,0
2014,Jun 2014,23,1,2,0,0,0,0,6,0,3,0,3,0,0,0,0,1,0,5,0,1,0,20,0,5,4,0,0
2014,Jul 2014,24,1,2,0,0,0,0,8,0,3,0,3,0,0,0,0,0,0,5,0,1,0,21,0,6,3,0,0
2014,Aug 2014,25,1,1,0,0,0,0,8,1,4,0,2,0,0,0,0,0,1,5,0,1,0,23,0,5,3,0,0
2014,Sep 2014,24,2,0,0,0,0,0,8,0,6,0,0,0,0,0,0,0,0,5,0,0,0,24,0,5,3,0,0
2014,Oct 2014,23,0,1,0,0,0,0,9,0,7,0,1,0,0,0,0,0,0,5,0,0,0,22,0,3,3,0,0
2014,Nov 2014,25,0,1,0,0,0,0,12,0,7,0,1,0,0,0,0,0,0,5,0,0,0,24,0,4,1,0,0
2014,Dec 2014,26,0,0,1,0,0,0,12,0,7,0,1,0,0,0,0,0,0,5,0,0,0,25,0,4,2,0,0
2015,Jan 2015,27,0,0,1,0,0,0,11,0,5,0,1,0,0,0,0,0,0,5,0,0,0,26,0,4,6,0,0
2015,Feb 2015,29,2,0,1,0,0,0,11,0,5,0,1,0,0,0,0,0,0,5,0,0,0,28,0,4,6,0,0
2015,Mar 2015,27,3,0,1,0,0,0,10,0,5,0,2,0,0,0,0,0,0,5,0,0,0,25,1,2,5,0,0
2015,Apr 2015,25,2,0,1,0,0,0,9,0,6,0,3,0,0,0,0,0,1,5,0,1,0,22,1,1,3,0,0
2015,May 2015,27,2,0,1,0,0,0,9,0,7,0,2,0,0,0,0,0,1,5,0,0,1,24,1,1,4,0,0
2015,Jun 2015,24,2,0,1,0,0,0,7,0,5,0,2,0,0,0,0,0,1,5,0,0,1,21,1,1,5,0,0
2015,Jul 2015,26,3,0,1,0,0,0,7,0,4,0,3,0,0,0,0,0,0,5,0,0,1,22,2,1,7,0,0
2015,Aug 2015,18,2,0,1,0,0,0,3,0,3,0,4,0,0,0,0,0,0,5,0,1,1,13,2,0,5,0,0
2015,Sep 2015,17,2,0,1,0,0,0,3,0,3,0,4,0,0,0,0,0,0,5,0,1,1,12,2,0,4,0,0
2015,Oct 2015,20,2,0,0,0,0,0,3,0,3,0,4,0,0,1,0,0,2,5,0,2,1,15,2,0,4,0,0
2015,Nov 2015,23,2,0,0,0,0,0,4,0,5,0,3,0,0,0,0,0,2,5,0,1,1,19,2,1,5,0,0
2015,Dec 2015,23,2,0,0,0,0,0,3,0,5,0,3,0,0,1,0,0,0,5,0,1,1,19,2,1,7,0,0
2016,Jan 2016,20,3,0,0,0,0,0,4,0,4,0,4,0,0,1,0,0,0,5,0,1,0,16,3,1,3,0,0
2016,Feb 2016,21,4,0,0,0,0,0,6,0,4,0,2,0,0,0,0,0,0,5,0,0,0,19,2,1,4,0,0
2016,Mar 2016,23,3,0,0,0,0,0,8,0,5,0,2,0,0,0,0,0,0,5,0,0,0,21,2,1,4,0,0
2016,Apr 2016,28,2,0,0,0,0,0,9,0,8,2,2,0,0,0,0,0,1,5,0,0,0,26,2,1,3,0,0
2016,May 2016,27,2,0,0,0,0,0,8,0,8,1,2,0,0,0,0,0,0,5,0,0,0,25,2,2,4,0,0
2016,Jun 2016,23,1,0,0,0,0,0,10,0,6,0,2,0,0,0,0,0,1,5,0,0,0,21,2,2,1,0,0
2016,Jul 2016,21,1,0,0,0,0,0,10,0,5,0,1,0,0,0,0,0,1,5,0,0,0,20,1,2,1,0,0
2016,Aug 2016,14,1,0,0,0,0,0,3,0,5,0,2,0,0,0,0,0,1,5,0,0,0,12,2,2,0,0,0
2016,Sep 2016,15,1,0,0,0,0,0,4,0,5,0,2,0,0,0,0,0,0,5,0,0,0,13,2,2,1,0,0
2016,Oct 2016,16,2,0,0,0,0,0,3,0,6,0,2,0,0,0,0,0,0,5,0,0,0,14,2,1,2,0,0
2016,Nov 2016,15,2,0,0,0,0,0,2,0,6,0,2,0,0,0,0,0,1,5,0,0,0,13,2,1,1,0,0
2016,Dec 2016,18,2,0,0,0,0,0,5,0,5,0,2,0,0,0,0,0,3,5,0,0,0,16,2,1,0,0,0
2017,Jan 2017,15,1,0,0,0,0,0,5,0,4,0,2,0,0,0,0,0,0,5,0,0,0,13,2,1,2,0,0
2017,Feb 2017,17,1,0,0,0,0,0,5,0,4,0,1,0,0,0,0,0,1,5,0,0,0,16,1,1,4,0,0
2017,Mar 2017,21,2,0,0,0,0,0,6,0,4,0,2,0,0,0,0,0,1,5,0,0,0,19,2,2,4,0,0
2017,Apr 2017,20,1,0,0,0,0,0,8,0,3,0,1,0,0,0,0,0,1,5,0,0,0,19,1,2,4,0,0
2017,May 2017,24,1,0,0,0,0,0,9,0,4,0,1,0,0,0,0,0,2,5,0,0,0,23,1,2,5,0,0
2017,Jun 2017,23,1,0,0,0,0,0,10,0,5,0,1,0,0,0,0,0,0,5,0,0,0,22,1,1,5,0,0
2017,Jul 2017,26,1,0,0,0,0,0,9,0,5,0,1,0,0,0,0,0,1,5,0,0,0,25,1,1,8,0,0
2017,Aug 2017,18,0,0,0,0,0,0,8,0,2,0,2,0,0,0,0,0,1,5,0,1,0,16,1,1,4,0,0
2017,Sep 2017,18,1,0,0,0,0,0,8,0,2,0,1,0,0,0,0,0,1,5,0,0,0,17,1,1,4,0,0
2017,Oct 2017,21,1,0,0,0,0,0,10,0,2,0,1,0,0,0,0,0,2,5,0,0,0,20,1,1,4,0,0
2017,Nov 2017,24,1,0,0,0,0,0,15,0,2,0,1,0,0,0,0,0,1,5,0,0,0,23,1,1,3,0,0
2017,Dec 2017,20,1,0,0,0,0,0,13,0,1,0,1,0,0,0,0,0,0,5,0,0,0,19,1,1,3,0,0
2018,Jan 2018,20,1,0,0,0,0,0,12,0,1,0,1,0,0,0,0,0,0,5,0,0,0,19,1,1,4,0,0
2018,Feb 2018,23,1,0,0,0,0,0,12,0,2,0,1,0,0,0,0,0,3,5,0,0,0,22,1,1,3,0,0
2018,Mar 2018,21,1,0,0,0,0,0,12,0,1,0,1,0,0,0,0,0,2,5,0,0,0,20,1,2,2,0,0
2018,Apr 2018,24,1,1,0,0,0,0,11,0,1,0,2,0,0,0,0,0,2,5,0,0,0,22,1,2,5,0,0
2018,May 2018,18,1,0,0,0,0,0,11,0,1,0,1,0,0,0,0,0,0,5,0,0,0,17,1,1,3,0,0
2012,Jan 2012,8,0,0,0,0,0,0,0,0,2,0,0,0,0,1,0,0,0,6,0,0,0,8,0,5,0,0,0
2012,Feb 2012,10,1,0,0,0,0,0,0,0,4,0,0,0,0,0,0,0,0,6,0,0,0,10,0,5,0,0,0
2012,Mar 2012,12,1,0,0,0,0,0,0,0,5,0,0,0,0,0,0,0,0,6,0,0,0,12,0,6,0,0,0
2012,Apr 2012,12,1,0,0,0,0,0,0,0,5,0,0,0,0,0,0,0,0,6,0,0,0,12,0,6,0,0,0
2012,May 2012,19,1,0,0,0,0,0,1,0,5,0,0,0,0,0,0,3,0,6,0,0,0,19,0,9,0,0,0
2012,Jun 2012,25,1,0,0,0,0,0,2,0,6,0,0,0,0,0,0,2,0,6,0,0,0,25,0,11,3,0,0
2012,Jul 2012,31,1,0,0,0,0,0,2,0,6,0,0,0,0,0,0,4,0,6,0,0,0,31,0,15,3,0,0
2012,Aug 2012,37,2,0,0,0,0,0,3,0,8,0,0,0,0,0,0,1,0,6,0,0,0,37,0,21,2,0,0
2012,Sep 2012,40,2,0,0,0,0,0,3,0,8,0,0,0,0,1,0,1,0,6,0,0,0,40,0,23,2,0,0
2012,Oct 2012,41,3,0,0,0,0,0,4,0,8,0,0,0,0,0,0,0,0,6,0,0,0,41,0,25,1,0,0
2012,Nov 2012,46,3,0,0,0,0,0,4,0,6,0,0,0,0,2,0,1,0,6,0,0,1,45,0,28,1,0,0
2012,Dec 2012,53,7,0,0,0,0,0,4,0,6,0,0,0,0,0,0,2,0,6,0,0,1,52,0,32,1,0,0
2013,Jan 2013,46,6,0,0,0,0,0,5,0,2,0,0,0,0,0,0,3,0,6,0,0,1,45,0,28,1,0,0
2013,Feb 2013,48,7,0,0,0,0,0,5,0,2,0,0,0,0,1,0,4,0,6,0,0,0,48,0,28,1,0,0
2013,Mar 2013,45,7,0,0,0,0,0,4,0,3,0,1,0,0,1,0,1,0,6,0,0,0,44,1,27,1,0,0
2013,Apr 2013,54,7,0,0,0,0,0,5,0,4,0,1,0,0,1,0,2,0,6,0,0,0,53,1,30,4,0,0
2013,May 2013,50,7,0,0,0,0,0,7,0,3,0,1,0,0,1,0,0,0,6,0,0,0,49,1,26,5,0,0
2013,Jun 2013,47,6,0,0,0,0,0,5,0,4,0,1,0,0,1,0,2,0,6,0,0,0,46,1,24,4,0,0
2013,Jul 2013,40,5,0,0,0,0,0,5,0,4,0,1,0,0,0,0,3,0,6,0,0,0,39,1,20,2,0,0
2013,Aug 2013,38,6,0,0,0,0,0,5,0,3,0,2,0,0,0,0,3,0,6,0,0,0,36,2,17,2,0,0
2013,Sep 2013,35,5,0,0,0,0,0,5,0,3,0,1,0,0,1,0,3,0,6,0,0,0,34,1,16,1,0,0
2013,Oct 2013,31,2,1,0,0,0,0,4,0,1,0,3,0,0,1,0,2,0,6,0,0,0,28,2,15,3,0,0
2013,Nov 2013,34,2,1,0,0,0,0,4,0,1,0,3,0,0,0,0,3,1,6,0,0,0,31,2,17,3,0,0
2013,Dec 2013,30,2,1,0,0,0,0,1,0,1,0,3,0,0,0,0,4,0,6,0,0,0,27,2,17,2,0,0
2014,Jan 2014,30,1,1,0,0,0,0,1,0,0,0,4,0,0,0,0,3,2,6,0,0,0,26,3,15,4,0,0
2014,Feb 2014,27,2,1,0,0,0,0,1,0,0,0,4,0,0,0,0,3,0,6,0,0,0,23,3,15,2,0,0
2014,Mar 2014,31,2,1,0,0,0,0,2,0,1,0,3,0,0,1,0,6,1,6,0,0,0,28,2,15,0,0,0
2014,Apr 2014,25,3,1,0,0,0,0,3,0,1,0,2,0,0,0,0,3,0,6,0,0,0,23,1,13,0,0,0
2014,May 2014,30,3,0,0,0,0,0,3,0,1,0,1,0,0,0,0,5,2,6,0,0,0,29,1,13,2,0,0
2014,Jun 2014,31,4,1,0,0,0,0,5,0,1,0,2,0,0,1,0,6,0,6,0,0,0,29,1,11,1,0,0
2014,Jul 2014,33,4,1,0,0,0,0,4,0,2,0,2,0,0,1,0,4,1,6,0,1,0,31,0,13,2,0,0
2014,Aug 2014,35,3,1,0,0,0,0,3,0,2,0,3,0,0,2,0,4,1,6,0,1,0,32,1,13,4,0,0
2014,Sep 2014,38,3,1,0,0,0,0,7,0,2,0,3,0,0,0,0,3,1,6,0,0,0,35,2,13,6,0,0
2014,Oct 2014,41,4,1,0,0,0,0,8,0,2,0,3,0,0,0,0,4,1,6,0,0,0,38,2,14,5,0,0
2014,Nov 2014,34,2,0,0,0,0,0,9,0,2,0,2,0,0,0,0,3,1,6,0,0,0,32,2,13,2,0,0
2014,Dec 2014,34,1,0,0,0,0,0,11,0,2,0,1,0,0,1,0,4,1,6,0,0,0,33,1,11,2,0,0
2015,Jan 2015,36,2,0,0,0,0,0,12,0,2,0,2,0,0,1,0,3,0,6,0,1,0,34,1,13,1,0,0
2015,Feb 2015,37,3,0,0,0,0,0,12,0,3,0,1,0,0,0,0,2,1,6,0,0,0,36,1,14,1,0,0
2015,Mar 2015,40,4,0,0,0,0,0,12,0,4,0,1,0,0,0,0,3,1,6,0,0,0,39,1,13,2,0,0
2015,Apr 2015,40,5,0,0,0,0,0,12,0,5,0,1,0,0,0,0,2,0,6,0,0,0,39,1,13,2,0,0
2015,May 2015,40,5,0,0,0,0,0,12,0,4,0,1,0,0,1,0,3,0,6,0,0,0,39,1,12,2,0,0
2015,Jun 2015,40,5,0,0,0,0,0,12,0,4,0,0,0,0,2,0,3,0,6,0,0,0,40,0,12,2,0,0
2015,Jul 2015,36,5,0,0,0,0,0,11,0,4,0,1,0,0,1,0,1,0,6,0,1,0,35,0,11,2,0,0
2015,Aug 2015,33,5,0,0,0,0,0,8,0,3,0,0,0,0,0,0,1,3,6,0,0,0,33,0,11,2,0,0
2015,Sep 2015,34,4,0,0,0,0,0,10,0,2,0,0,0,0,0,0,1,0,6,0,0,0,34,0,11,6,0,0
2015,Oct 2015,35,4,0,0,0,0,0,8,0,2,0,1,0,0,2,0,0,3,6,0,0,0,34,1,10,5,0,0
2015,Nov 2015,37,4,0,0,0,0,0,10,0,2,0,1,0,0,1,0,0,1,6,0,0,0,36,1,13,5,0,0
2015,Dec 2015,39,5,0,0,0,0,0,8,0,3,0,1,0,0,0,0,1,1,6,0,0,0,38,1,17,3,0,0
2016,Jan 2016,38,5,0,0,0,0,0,7,0,1,0,2,0,0,0,0,0,2,6,0,0,0,36,2,15,6,0,0
2016,Feb 2016,42,7,0,0,0,0,0,8,0,3,0,2,0,0,0,0,0,0,6,0,0,0,40,2,16,6,0,0
2016,Mar 2016,37,7,0,0,0,0,0,7,0,3,0,2,0,0,0,0,0,0,6,0,0,0,35,2,14,4,0,0
2016,Apr 2016,40,7,0,0,0,0,0,7,0,3,0,2,0,0,0,0,2,1,6,0,0,0,38,2,13,5,0,0
2016,May 2016,40,6,0,0,0,0,0,6,0,3,0,3,0,0,0,0,4,0,6,0,1,0,37,2,14,4,0,0
2016,Jun 2016,37,8,0,0,0,0,0,6,0,3,0,2,0,0,0,0,2,1,6,0,1,0,35,1,11,4,0,0
2016,Jul 2016,39,8,0,0,0,0,0,5,0,4,0,2,0,0,1,0,3,3,6,0,2,0,37,0,10,3,0,0
2016,Aug 2016,31,6,0,0,0,0,0,4,0,3,0,0,0,0,1,0,2,1,6,0,0,0,31,0,10,4,0,0
2016,Sep 2016,33,5,0,0,0,0,0,6,0,4,0,1,0,0,0,0,2,0,6,0,0,0,32,1,9,6,0,0
2016,Oct 2016,33,4,0,0,0,0,0,6,0,4,0,1,0,0,0,0,3,0,6,0,0,0,32,1,9,6,0,0
2016,Nov 2016,35,5,1,0,0,0,0,6,0,4,0,2,0,0,1,0,2,0,6,0,1,0,33,0,10,5,0,0
2016,Dec 2016,34,7,1,0,0,0,0,5,0,2,0,1,0,0,0,0,0,0,6,0,0,0,33,0,16,3,0,0
2017,Jan 2017,40,7,0,1,0,0,0,4,0,2,0,1,0,0,0,0,1,1,6,0,0,0,39,0,18,6,0,0
2017,Feb 2017,42,9,0,0,0,0,0,3,0,2,0,1,0,0,0,0,2,2,6,0,1,0,41,0,19,4,0,0
2017,Mar 2017,39,6,0,0,0,0,0,8,0,1,0,2,0,0,0,0,1,1,6,0,2,1,36,0,18,1,0,0
2017,Apr 2017,36,5,0,0,0,0,0,9,0,2,0,1,0,0,0,0,0,3,6,0,1,1,34,0,14,1,0,0
2017,May 2017,37,7,0,1,0,0,0,7,0,3,0,1,0,0,1,0,2,2,6,0,0,1,35,0,11,2,0,0
2017,Jun 2017,38,9,0,0,0,0,0,9,0,3,0,0,0,0,0,0,1,2,6,0,0,1,37,0,12,1,0,0
2017,Jul 2017,39,8,1,0,0,0,0,10,0,2,0,1,0,0,0,0,2,0,6,0,0,1,37,0,14,1,0,0
2017,Aug 2017,35,5,1,0,0,0,0,8,0,2,0,1,0,0,0,0,3,0,6,0,0,1,33,0,12,3,0,0
2017,Sep 2017,32,5,1,0,0,0,0,7,0,2,0,1,0,0,0,0,3,1,6,0,0,0,31,0,11,2,0,0
2017,Oct 2017,30,2,1,0,0,0,0,6,1,2,0,1,0,0,0,0,3,0,6,0,0,0,29,0,12,3,0,0
2017,Nov 2017,27,1,1,0,0,0,0,5,1,3,0,2,0,0,1,0,1,0,6,0,1,0,25,0,9,4,0,0
2017,Dec 2017,29,0,1,0,0,0,0,5,1,2,0,3,0,0,1,0,3,1,6,0,2,0,25,0,11,1,0,1
2018,Jan 2018,25,1,1,0,0,0,0,4,0,3,0,2,0,0,0,0,1,1,6,0,1,0,22,0,11,1,0,1
2018,Feb 2018,27,2,0,0,0,0,0,4,0,3,0,1,0,0,0,0,0,0,6,0,1,0,25,0,13,3,0,1
2018,Mar 2018,31,2,0,0,0,0,0,4,0,3,0,1,0,0,1,0,1,3,6,0,1,0,29,0,13,2,0,1
2018,Apr 2018,34,2,1,0,0,0,0,6,0,3,0,2,0,0,0,0,1,2,6,0,1,0,31,0,14,3,0,1
2018,May 2018,36,5,1,0,0,0,0,7,0,2,0,3,0,0,0,0,1,2,6,0,1,0,32,1,13,2,0,1
2012,Jan 2012,3,0,0,0,0,0,0,2,0,0,0,1,0,0,0,0,0,0,7,0,0,0,2,1,0,0,0,0
2012,Feb 2012,4,0,0,0,0,0,0,2,0,1,0,1,0,0,0,0,0,0,7,0,0,0,3,1,0,0,0,0
2012,Mar 2012,4,0,0,0,0,0,0,2,0,1,0,1,0,0,0,0,0,0,7,0,0,0,3,1,0,0,0,0
2012,Apr 2012,6,0,0,0,0,0,0,2,0,2,0,1,0,0,0,0,1,0,7,0,0,0,5,1,0,0,0,0
2012,May 2012,9,1,0,0,0,0,0,3,0,2,0,0,0,0,0,0,1,0,7,0,0,0,9,0,1,1,0,0
2012,Jun 2012,14,1,0,0,0,0,0,5,0,2,0,1,0,0,0,0,0,1,7,0,0,0,13,1,2,2,0,0
2012,Jul 2012,19,1,0,1,0,0,0,8,0,2,0,2,0,0,0,0,0,2,7,0,0,0,17,1,2,2,0,0
2012,Aug 2012,21,1,0,2,0,0,0,8,0,2,0,3,0,0,0,0,1,1,7,0,0,0,18,1,2,3,0,0
2012,Sep 2012,26,1,0,2,0,0,0,9,0,3,0,3,0,0,0,0,1,2,7,0,0,0,23,1,3,4,0,0
2012,Oct 2012,31,0,0,2,0,0,0,11,0,4,0,3,0,0,0,0,1,5,7,0,0,0,28,1,4,3,0,0
2012,Nov 2012,32,1,0,2,0,0,0,14,0,5,0,3,0,0,0,0,0,0,7,0,0,0,29,1,6,3,0,0
2012,Dec 2012,35,1,0,2,0,0,0,14,0,5,0,2,0,0,0,0,0,2,7,0,0,0,33,0,7,4,0,0
2013,Jan 2013,36,1,0,1,0,0,0,16,0,4,0,1,0,0,0,0,1,3,7,0,0,0,35,0,7,3,0,0
2013,Feb 2013,35,1,0,0,0,0,0,15,0,6,0,0,0,0,0,0,0,1,7,0,0,0,35,0,9,3,0,0
2013,Mar 2013,38,1,0,0,0,0,0,16,0,6,0,0,0,0,0,0,1,0,7,0,0,0,38,0,9,5,0,0
2013,Apr 2013,36,1,0,0,0,0,0,15,0,5,0,0,0,0,0,0,2,0,7,0,0,0,36,0,9,4,0,0
2013,May 2013,36,1,0,0,0,0,0,13,0,3,1,0,0,0,0,0,0,4,7,0,0,1,35,0,10,3,0,0
2013,Jun 2013,29,2,0,0,0,0,0,9,0,2,0,0,0,0,0,0,1,2,7,0,0,1,28,0,10,2,0,0
2013,Jul 2013,33,2,0,1,0,0,0,9,0,2,0,1,0,0,0,0,3,1,7,0,0,1,31,0,12,2,0,0
2013,Aug 2013,33,2,0,1,0,0,0,10,0,2,0,1,0,0,0,0,1,3,7,0,0,0,32,0,12,2,0,0
2013,Sep 2013,37,2,0,1,0,0,0,14,0,2,0,1,0,0,0,0,1,1,7,0,0,0,36,0,14,2,0,0
2013,Oct 2013,35,2,0,1,0,0,0,12,0,2,0,1,0,0,0,0,0,2,7,0,0,0,34,0,13,3,0,0
2013,Nov 2013,34,1,0,1,0,0,0,13,0,2,0,1,0,0,0,0,0,2,7,0,0,0,33,0,13,2,0,0
2013,Dec 2013,29,1,0,0,0,0,0,11,0,2,0,1,0,0,0,0,0,3,7,0,1,0,28,0,9,2,0,0
2014,Jan 2014,26,1,0,0,0,0,0,8,0,2,0,1,0,0,0,0,0,4,7,0,1,0,25,0,8,2,0,0
2014,Feb 2014,30,2,0,0,0,0,0,8,0,2,0,1,0,0,0,0,0,4,7,0,1,0,29,0,8,5,0,0
2014,Mar 2014,25,1,0,0,0,0,0,7,0,0,0,0,0,0,0,0,0,1,7,0,0,0,25,0,6,10,0,0
2014,Apr 2014,26,1,0,0,0,0,0,7,0,0,0,0,0,0,0,0,1,2,7,0,0,0,26,0,8,7,0,0
2014,May 2014,23,1,0,1,0,0,0,6,0,0,0,2,0,0,0,0,1,2,7,0,0,0,21,1,5,6,0,0
2014,Jun 2014,21,1,0,1,0,0,0,7,0,0,0,3,0,0,0,0,0,2,7,0,1,0,18,1,6,2,0,0
2014,Jul 2014,19,1,0,0,0,0,0,9,0,0,0,1,0,0,0,0,1,0,7,0,0,0,18,1,5,2,0,0
2014,Aug 2014,19,1,0,0,0,0,0,7,0,0,0,1,0,0,0,0,0,3,7,0,0,0,18,1,5,2,0,0
2014,Sep 2014,23,1,0,0,0,0,0,9,0,1,0,1,0,0,0,0,0,3,7,0,0,0,22,1,5,3,0,0
2014,Oct 2014,24,1,0,0,0,0,0,10,0,1,0,0,0,0,0,0,0,3,7,0,0,0,24,0,5,4,0,0
2014,Nov 2014,22,1,0,0,0,0,0,10,0,1,0,0,0,0,0,0,0,0,7,0,0,0,22,0,6,4,0,0
2014,Dec 2014,21,1,0,0,0,0,0,9,0,1,0,0,0,0,0,0,0,0,7,0,0,0,21,0,6,4,0,0
2015,Jan 2015,21,2,0,0,0,0,0,6,0,1,0,0,0,0,0,0,1,2,7,0,0,0,21,0,5,4,0,0
2015,Feb 2015,22,1,0,0,0,0,0,7,0,2,0,0,0,0,0,0,0,2,7,0,0,0,22,0,6,4,0,0
2015,Mar 2015,19,2,0,0,0,0,0,8,0,2,0,0,0,0,0,0,0,1,7,0,0,0,19,0,3,3,0,0
2015,Apr 2015,19,1,0,0,0,0,0,8,0,2,0,0,0,0,0,0,0,1,7,0,0,0,19,0,3,4,0,0
2015,May 2015,22,1,0,0,0,0,0,8,0,2,0,0,0,0,0,0,0,2,7,0,0,0,22,0,5,4,0,0
2015,Jun 2015,24,1,0,0,0,0,0,9,0,2,0,0,0,0,0,0,0,1,7,0,0,0,24,0,6,5,0,0
2015,Jul 2015,27,1,0,0,0,0,0,9,0,2,0,0,0,0,0,0,1,5,7,0,0,0,27,0,5,4,0,0
2015,Aug 2015,24,1,0,0,0,0,0,8,0,1,0,0,0,0,0,0,0,4,7,0,0,0,24,0,5,5,0,0
2015,Sep 2015,24,1,0,0,0,0,0,8,0,1,0,1,0,0,0,0,0,3,7,0,1,1,22,0,4,5,0,0
2015,Oct 2015,22,1,0,0,0,0,0,7,0,1,0,1,0,0,0,0,0,2,7,0,1,1,20,0,5,4,0,0
2015,Nov 2015,21,1,0,0,0,0,0,6,0,1,0,0,0,0,0,0,0,1,7,0,0,1,20,0,8,3,0,0
2015,Dec 2015,22,1,0,0,0,0,0,6,0,1,0,0,0,0,0,0,1,2,7,0,0,1,21,0,8,2,0,0
2016,Jan 2016,22,1,0,0,0,0,0,6,0,2,0,0,0,0,0,0,0,1,7,0,0,1,21,0,8,3,0,0
2016,Feb 2016,20,1,0,0,0,0,0,7,0,2,0,0,0,0,0,0,0,0,7,0,0,1,19,0,7,2,0,0
2016,Mar 2016,23,1,0,0,0,0,0,6,0,1,0,0,0,0,0,0,2,3,7,0,0,0,23,0,6,4,0,0
2016,Apr 2016,26,1,0,0,0,0,0,5,0,1,0,0,0,0,0,0,2,5,7,0,0,0,26,0,5,7,0,0
2016,May 2016,24,1,0,0,0,0,0,5,0,1,0,1,0,0,0,0,1,4,7,0,1,0,23,0,5,6,0,0
2016,Jun 2016,24,0,0,0,0,0,0,6,0,1,0,0,0,0,0,0,1,5,7,0,0,0,24,0,6,5,0,0
2016,Jul 2016,24,0,0,0,0,0,0,8,0,1,0,1,0,0,0,0,1,1,7,0,1,0,23,0,6,6,0,0
2016,Aug 2016,21,1,0,0,0,0,0,7,0,1,0,0,0,0,0,0,1,1,7,0,0,0,21,0,3,7,0,0
2016,Sep 2016,24,1,1,0,0,0,0,7,0,0,0,1,0,0,0,0,1,5,7,0,0,0,23,0,3,6,0,0
2016,Oct 2016,25,1,1,0,0,0,0,9,0,1,0,1,0,0,0,0,1,5,7,0,0,0,24,0,3,4,0,0
2016,Nov 2016,25,1,1,0,0,0,0,8,0,1,0,2,0,0,0,0,2,1,7,0,0,0,23,1,4,6,0,0
2016,Dec 2016,21,0,1,0,0,0,0,6,0,1,0,2,0,0,0,0,2,1,7,0,0,0,19,1,4,5,0,0
2017,Jan 2017,16,0,1,0,0,0,0,6,0,1,0,2,0,0,0,0,1,3,7,0,0,0,14,1,1,2,0,0
2017,Feb 2017,18,1,2,0,0,0,0,6,0,1,0,3,0,0,0,0,2,1,7,0,0,0,15,1,1,3,0,0
2017,Mar 2017,17,1,2,0,0,0,0,4,0,1,0,3,0,0,0,0,2,1,7,0,0,0,14,1,2,3,0,0
2017,Apr 2017,21,2,2,0,0,0,0,5,0,1,0,3,0,0,0,0,2,2,7,0,0,0,18,1,3,3,0,0
2017,May 2017,27,2,2,0,0,0,0,5,0,1,0,3,0,0,0,0,4,3,7,0,0,0,24,1,6,3,0,0
2017,Jun 2017,28,2,1,0,0,0,0,5,0,2,0,2,0,0,0,0,1,4,7,0,0,0,25,1,7,4,0,1
2017,Jul 2017,28,2,1,0,0,0,0,5,0,1,1,3,0,0,0,0,0,4,7,0,0,0,24,2,8,3,0,1
2017,Aug 2017,26,1,1,0,0,0,0,6,0,1,0,2,0,0,0,0,0,2,7,0,0,0,23,1,10,3,0,1
2017,Sep 2017,27,1,1,0,0,0,0,7,0,1,0,2,0,0,0,0,0,2,7,0,0,0,24,1,10,3,0,1
2017,Oct 2017,30,2,1,0,0,0,0,7,0,2,0,2,0,0,0,0,0,1,7,0,0,0,27,1,12,3,0,1
2017,Nov 2017,34,2,1,0,0,0,0,10,0,2,0,2,0,0,0,0,0,2,7,0,0,0,31,1,13,2,0,1
2017,Dec 2017,36,2,1,0,0,0,0,11,0,2,0,3,0,0,0,0,1,1,7,0,1,0,32,1,11,4,0,1
2018,Jan 2018,34,1,1,0,0,0,0,10,0,1,0,3,0,0,0,0,0,2,7,0,1,0,30,1,10,6,0,1
2018,Feb 2018,34,2,1,0,0,0,0,10,0,1,1,3,0,0,0,0,0,1,7,0,1,0,30,1,10,5,0,1
2018,Mar 2018,30,2,1,0,0,0,0,6,0,2,0,2,0,0,0,0,1,3,7,0,0,0,27,1,8,5,0,1
2018,Apr 2018,33,2,1,0,0,0,0,8,0,3,0,2,0,0,0,0,1,3,7,0,0,0,30,1,8,5,0,1
2018,May 2018,35,3,1,0,0,0,0,9,0,3,0,3,0,0,0,0,0,4,7,0,0,0,31,2,7,5,0,1
2012,Jan 2012,14,0,1,0,0,0,0,1,0,2,0,2,1,0,0,0,0,1,8,0,0,0,12,0,7,1,0,0
2012,Feb 2012,14,0,1,0,0,0,0,1,0,2,0,2,1,0,0,0,0,1,8,0,0,0,12,0,7,1,0,0
2012,Mar 2012,17,0,0,0,0,0,0,1,0,2,0,1,1,0,0,0,0,3,8,0,0,0,16,0,7,3,0,0
2012,Apr 2012,17,1,0,0,0,0,0,1,0,2,0,1,1,0,0,0,0,2,8,0,0,0,16,0,7,3,0,0
2012,May 2012,17,1,0,0,0,0,0,1,0,2,0,1,1,0,0,0,0,1,8,0,0,0,16,0,8,3,0,0
2012,Jun 2012,19,1,0,0,0,0,0,3,0,2,0,1,1,0,0,0,0,0,8,0,0,0,18,0,10,2,0,0
2012,Jul 2012,21,2,0,0,0,0,0,3,0,2,0,1,1,0,0,0,1,0,8,0,0,0,20,0,11,1,0,0
2012,Aug 2012,22,2,0,0,0,0,0,2,0,2,0,2,1,0,0,0,0,0,8,0,0,0,20,1,12,2,0,0
2012,Sep 2012,23,2,0,0,0,0,0,2,0,2,0,3,1,0,0,0,0,0,8,0,1,0,20,1,12,2,0,0
2012,Oct 2012,27,4,0,0,0,0,0,4,0,1,0,3,1,0,0,0,0,0,8,0,2,0,24,0,12,3,0,0
2012,Nov 2012,29,4,0,0,0,0,0,6,0,1,0,3,1,0,0,0,0,0,8,0,2,0,26,0,12,3,0,0
2012,Dec 2012,30,5,0,0,0,0,0,6,0,1,0,4,1,0,0,0,0,1,8,0,3,0,26,0,10,3,0,0
2013,Jan 2013,33,6,1,0,0,0,0,5,0,1,0,7,1,0,0,0,0,1,8,0,2,0,26,3,9,4,0,0
2013,Feb 2013,32,6,1,0,0,0,0,7,0,1,0,6,1,0,0,0,0,0,8,0,1,0,26,3,9,3,0,0
2013,Mar 2013,33,6,1,0,0,0,0,9,0,1,0,5,1,0,0,0,1,1,8,0,1,0,28,2,8,2,0,0
2013,Apr 2013,33,5,1,0,0,0,0,8,0,1,0,8,2,0,0,0,1,0,8,0,3,0,25,2,8,2,0,0
2013,May 2013,33,5,1,0,0,0,0,6,0,1,0,10,2,0,0,0,1,0,8,0,4,0,23,3,9,1,0,0
2013,Jun 2013,31,5,0,0,0,0,0,7,0,1,0,6,2,0,0,0,1,1,8,0,1,0,25,3,8,2,0,0
2013,Jul 2013,36,4,0,0,0,0,0,10,0,1,0,8,3,0,0,0,1,0,8,0,3,0,28,2,8,4,0,0
2013,Aug 2013,31,4,0,1,0,0,0,8,0,0,0,8,3,0,0,0,0,1,8,0,2,0,23,2,6,4,0,0
2013,Sep 2013,31,4,0,1,0,0,0,6,0,0,0,10,3,0,0,0,0,1,8,0,3,0,21,3,5,5,0,0
2013,Oct 2013,32,4,0,0,0,0,0,6,0,0,0,8,3,0,0,0,0,2,8,0,2,1,23,3,5,6,0,0
2013,Nov 2013,34,4,0,0,0,0,0,6,0,0,0,8,3,0,0,0,0,2,8,0,1,1,25,4,6,7,0,0
2013,Dec 2013,34,3,1,0,0,0,0,3,0,0,0,15,3,0,0,0,0,1,8,0,6,1,18,5,6,5,0,0
2014,Jan 2014,33,4,1,0,0,0,0,2,0,0,0,12,3,0,0,0,0,1,8,0,3,0,21,5,6,8,0,0
2014,Feb 2014,31,4,1,0,0,0,0,3,0,0,0,12,3,0,0,0,0,0,8,0,4,0,19,4,6,6,0,0
2014,Mar 2014,30,5,1,0,0,0,0,2,0,1,0,11,3,0,0,0,0,1,8,0,3,0,19,4,7,3,0,0
2014,Apr 2014,31,5,2,0,0,0,0,1,0,1,0,11,3,0,0,0,1,3,8,0,1,0,20,5,6,3,0,0
2014,May 2014,30,5,2,0,0,0,0,2,0,1,0,8,3,0,0,0,3,1,8,0,1,0,22,2,7,3,0,0
2014,Jun 2014,31,5,2,0,0,0,0,2,0,2,0,8,2,0,0,0,1,1,8,0,2,0,23,2,8,4,0,0
2014,Jul 2014,31,4,2,0,0,0,0,2,0,2,0,11,3,0,0,0,0,0,8,0,4,0,20,2,7,5,0,0
2014,Aug 2014,37,4,2,0,0,0,0,1,0,2,1,10,2,0,0,0,2,1,8,0,6,0,27,0,10,6,0,0
2014,Sep 2014,35,5,2,0,0,0,0,1,0,2,0,8,2,0,0,0,1,1,8,0,4,0,27,0,11,6,0,0
2014,Oct 2014,33,5,2,0,0,0,0,2,0,1,0,11,1,0,0,0,0,1,8,0,8,0,22,0,8,5,0,0
2014,Nov 2014,31,5,3,0,0,0,0,1,0,1,0,13,1,0,0,0,0,1,8,0,8,0,18,1,7,3,0,0
2014,Dec 2014,30,3,3,0,0,0,0,2,0,1,0,10,1,0,0,0,0,1,8,0,5,0,20,1,8,5,0,0
2015,Jan 2015,30,4,3,0,0,0,0,3,0,1,0,7,0,0,0,0,0,0,8,0,3,0,23,1,10,5,0,0
2015,Feb 2015,29,3,3,0,0,0,0,3,0,1,0,6,0,0,0,0,0,2,8,0,3,0,23,0,9,5,0,0
2015,Mar 2015,30,4,2,0,0,0,0,3,0,2,0,5,0,0,0,0,0,1,8,0,1,0,25,2,9,6,0,0
2015,Apr 2015,30,3,2,0,0,0,0,4,0,2,0,5,0,0,0,0,0,0,8,0,1,0,25,2,9,7,0,0
2015,May 2015,26,2,1,0,0,0,0,5,0,1,0,4,0,0,0,0,0,1,8,0,1,0,22,2,9,4,0,0
2015,Jun 2015,23,1,1,0,0,0,0,6,0,2,0,1,0,0,0,0,1,2,8,0,0,0,22,0,6,4,0,0
2015,Jul 2015,21,0,0,0,0,0,0,7,0,3,0,2,0,0,0,0,0,2,8,0,2,1,18,0,4,2,0,0
2015,Aug 2015,23,0,0,0,0,0,0,5,0,3,0,3,0,0,0,0,0,3,8,0,3,1,19,0,6,2,0,0
2015,Sep 2015,27,0,1,0,0,0,0,5,0,5,0,3,0,0,0,0,0,5,8,0,2,1,23,0,5,3,0,0
2015,Oct 2015,23,1,1,0,0,0,0,5,0,5,0,4,0,0,0,0,0,1,8,0,3,1,18,0,4,2,0,0
2015,Nov 2015,22,1,1,0,0,0,0,5,0,5,0,4,0,0,0,0,0,1,8,0,3,0,18,0,4,2,0,0
2015,Dec 2015,23,2,1,0,0,0,0,5,0,5,0,3,0,0,0,0,0,0,8,0,2,0,20,0,6,2,0,0
2016,Jan 2016,24,2,1,0,0,0,0,5,0,4,0,3,0,0,0,0,0,2,8,0,2,0,21,0,5,3,0,0
2016,Feb 2016,28,2,1,0,0,0,0,8,0,3,0,4,0,0,0,0,0,1,8,0,2,0,24,1,5,5,0,0
2016,Mar 2016,29,2,1,0,0,0,0,7,0,2,0,5,0,0,0,0,0,2,8,0,4,0,24,0,5,6,0,0
2016,Apr 2016,30,4,1,0,0,0,0,7,0,2,0,4,0,0,0,0,0,1,8,0,3,0,26,0,6,6,0,0
2016,May 2016,28,4,1,0,0,0,0,4,0,3,0,9,0,0,0,0,1,0,8,0,8,0,19,0,3,4,0,0
2016,Jun 2016,26,3,1,0,0,0,0,4,0,2,0,7,0,0,0,0,0,1,8,0,5,0,19,1,3,6,0,0
2016,Jul 2016,24,3,1,0,0,0,0,2,0,2,0,8,0,0,0,0,0,2,8,0,6,0,16,1,3,4,0,0
2016,Aug 2016,18,3,1,0,0,0,0,3,0,2,0,5,0,0,0,0,0,1,8,0,4,0,13,0,1,3,0,0
2016,Sep 2016,20,3,1,0,0,0,0,5,0,2,0,3,0,0,0,0,1,1,8,0,2,0,17,0,1,4,0,0
2016,Oct 2016,21,2,1,0,0,0,0,5,0,3,0,4,0,0,0,0,0,1,8,0,3,0,17,0,1,5,0,0
2016,Nov 2016,21,2,2,0,0,0,0,6,0,3,0,4,0,0,0,0,1,0,8,0,2,0,17,0,1,4,0,0
2016,Dec 2016,18,1,0,0,0,0,0,5,0,4,0,2,0,0,0,0,0,0,8,0,2,0,16,0,2,4,0,0
2017,Jan 2017,19,1,0,0,0,0,0,6,0,4,0,2,0,0,0,0,0,1,8,0,2,0,17,0,2,3,0,0
2017,Feb 2017,16,1,0,0,0,0,0,4,0,4,0,3,0,0,0,0,0,0,8,0,2,0,13,1,3,1,0,0
2017,Mar 2017,23,1,0,0,0,0,0,5,0,3,0,4,0,0,0,0,0,3,8,0,3,0,19,1,4,3,0,0
2017,Apr 2017,23,1,0,0,0,0,0,6,0,3,0,4,0,0,0,0,0,2,8,0,3,0,19,1,4,3,0,0
2017,May 2017,22,1,0,0,0,0,0,6,0,3,0,2,0,0,0,0,0,3,8,0,2,0,20,0,5,2,0,0
2017,Jun 2017,22,1,1,0,0,0,0,5,0,4,0,4,0,0,0,0,0,2,8,0,3,0,18,0,4,2,0,0
2017,Jul 2017,23,1,1,0,0,0,0,5,0,4,0,4,0,0,0,0,1,2,8,0,3,0,19,0,4,2,0,0
2017,Aug 2017,24,2,2,0,0,0,0,3,0,2,0,8,0,0,0,0,0,1,8,0,6,0,16,0,5,3,0,0
2017,Sep 2017,23,2,2,0,0,0,0,3,0,2,0,8,0,0,0,0,0,0,8,0,6,0,15,0,5,3,0,0
2017,Oct 2017,22,2,1,0,0,0,0,3,0,2,0,5,0,0,0,0,0,2,8,0,4,0,17,0,5,3,0,0
2017,Nov 2017,21,2,1,0,0,0,0,4,0,2,0,5,0,0,0,0,0,1,8,0,4,0,16,0,5,2,0,0
2017,Dec 2017,21,3,1,0,0,0,0,5,0,2,0,4,0,0,0,0,0,0,8,0,3,0,17,0,5,2,0,0
2018,Jan 2018,18,3,1,0,0,0,0,5,0,2,0,3,0,0,0,0,0,0,8,0,2,0,15,0,3,2,0,0
2018,Feb 2018,20,3,1,0,0,0,0,5,0,1,0,4,0,0,0,0,0,1,8,0,3,0,16,0,3,3,0,0
2018,Mar 2018,19,3,1,0,0,0,0,5,0,0,0,3,0,0,0,0,0,1,8,0,1,0,16,1,3,4,0,0
2018,Apr 2018,16,3,0,0,0,0,0,5,0,1,0,1,0,0,0,0,0,0,8,0,0,0,15,1,2,4,0,0
2018,May 2018,17,3,0,0,0,0,0,4,0,1,0,1,0,0,0,0,0,1,8,0,0,0,16,1,2,5,0,0
2012,Jan 2012,9,0,0,0,0,0,0,1,0,0,0,0,0,0,0,0,0,0,9,0,0,0,9,0,3,5,0,0
2012,Feb 2012,9,1,0,0,0,0,0,1,0,0,0,1,0,0,0,0,0,0,9,0,0,0,8,1,2,4,0,0
2012,Mar 2012,10,1,0,0,0,0,0,1,0,0,0,1,0,0,0,0,0,0,9,0,0,0,9,1,3,4,0,0
2012,Apr 2012,12,1,0,0,0,0,0,1,0,0,0,1,0,0,0,0,0,2,9,0,0,0,11,1,3,4,0,0
2012,May 2012,14,1,0,0,0,0,0,1,0,0,0,2,1,0,0,0,1,0,9,0,0,1,11,1,5,3,0,0
2012,Jun 2012,16,1,0,0,0,0,0,2,0,0,0,2,1,0,0,0,1,0,9,0,0,1,13,1,6,3,0,0
2012,Jul 2012,18,2,0,0,0,0,0,3,0,0,0,2,1,0,0,0,1,0,9,0,0,1,15,1,6,3,0,0
2012,Aug 2012,22,2,0,0,0,0,0,4,0,0,0,2,1,0,0,0,1,0,9,0,0,1,19,1,7,5,0,0
2012,Sep 2012,24,3,0,0,0,0,0,4,0,0,0,1,1,0,0,0,0,2,9,0,0,1,22,0,7,6,0,0
2012,Oct 2012,31,2,0,0,0,0,0,6,0,0,1,2,1,0,0,0,1,1,9,0,1,0,29,0,10,8,0,0
2012,Nov 2012,34,2,0,0,0,0,0,6,0,1,2,1,1,0,0,0,1,2,9,0,0,1,32,0,11,7,0,0
2012,Dec 2012,39,3,0,0,0,0,0,5,0,1,1,1,1,0,1,0,1,2,9,0,0,1,37,0,11,12,0,0
2013,Jan 2013,34,3,0,0,0,0,0,5,0,1,0,1,1,0,0,0,1,1,9,0,0,1,32,0,11,10,0,0
2013,Feb 2013,35,4,0,0,0,0,0,6,0,1,0,2,1,0,0,0,0,0,9,0,1,1,32,0,11,10,0,0
2013,Mar 2013,30,4,0,0,0,0,0,4,0,1,0,3,1,0,0,0,0,0,9,0,2,1,26,0,8,9,0,0
2013,Apr 2013,32,5,0,0,0,0,0,5,0,1,0,4,1,0,0,0,2,0,9,0,3,0,28,0,8,7,0,0
2013,May 2013,27,3,1,0,0,0,0,4,0,1,0,4,1,0,0,0,0,0,9,0,2,0,23,0,5,10,0,0
2013,Jun 2013,25,3,1,0,0,0,0,4,0,1,0,5,1,0,0,0,0,1,9,0,3,0,19,0,5,5,0,1
2013,Jul 2013,23,3,0,0,0,0,0,3,0,1,0,2,1,0,0,0,0,0,9,0,1,0,20,0,5,8,0,1
2013,Aug 2013,18,2,0,0,0,0,0,3,0,1,0,3,1,0,0,0,0,0,9,0,2,1,13,0,3,4,0,1
2013,Sep 2013,18,2,0,0,0,0,0,3,0,0,0,1,0,0,0,0,0,3,9,0,1,0,16,0,3,5,0,1
2013,Oct 2013,15,1,0,0,0,0,0,4,0,0,0,1,0,0,0,0,0,1,9,0,1,0,13,0,2,5,0,1
2013,Nov 2013,15,1,0,0,0,0,0,6,0,0,0,0,0,0,0,0,0,0,9,0,0,0,14,0,2,5,0,1
2013,Dec 2013,19,1,0,0,0,0,0,6,0,0,1,0,0,0,0,0,0,1,9,0,0,0,18,0,2,7,0,1
2014,Jan 2014,22,2,0,0,0,0,0,7,0,0,0,0,0,0,0,0,0,0,9,0,0,0,21,0,3,9,0,1
2014,Feb 2014,26,4,0,0,0,0,0,8,0,0,0,0,0,0,0,0,0,1,9,0,0,0,26,0,3,10,0,0
2014,Mar 2014,28,1,0,0,0,0,0,9,0,0,0,0,0,0,0,0,0,1,9,0,0,0,28,0,6,11,0,0
2014,Apr 2014,28,1,0,0,0,0,0,9,0,0,0,0,0,0,0,0,0,2,9,0,0,0,28,0,6,10,0,0
2014,May 2014,26,1,1,0,0,0,0,7,0,1,0,1,0,0,0,0,0,2,9,0,0,0,25,0,5,9,0,0
2014,Jun 2014,25,1,1,0,0,0,0,6,0,1,0,1,0,0,0,0,0,2,9,0,0,0,24,0,6,8,0,0
2014,Jul 2014,25,1,2,0,0,0,0,6,0,1,0,2,0,0,0,0,0,0,9,0,0,0,23,0,9,6,0,0
2014,Aug 2014,24,1,1,1,0,0,0,6,0,1,0,3,0,0,0,0,0,0,9,0,1,0,21,0,7,6,0,0
2014,Sep 2014,26,1,1,1,0,0,0,6,0,1,0,4,0,0,0,0,0,1,9,0,2,0,22,0,7,6,0,0
2014,Oct 2014,27,1,1,0,0,0,0,6,0,1,0,2,0,0,0,0,0,2,9,0,1,1,24,0,5,9,0,0
2014,Nov 2014,28,1,0,0,0,0,0,7,0,1,0,2,0,0,0,0,0,4,9,0,2,1,25,0,6,6,0,0
2014,Dec 2014,24,1,0,0,0,0,0,7,0,1,0,2,0,0,0,0,0,2,9,0,2,0,22,0,5,6,0,0
2015,Jan 2015,25,2,0,0,0,0,0,8,0,1,0,1,0,0,0,0,0,2,9,0,1,0,24,0,4,7,0,0
2015,Feb 2015,24,3,0,0,0,0,0,8,0,1,0,1,0,0,0,0,0,1,9,0,1,0,23,0,3,7,0,0
2015,Mar 2015,23,4,0,0,0,0,0,8,0,1,0,0,0,0,0,0,0,0,9,0,0,0,23,0,3,7,0,0
2015,Apr 2015,24,4,0,0,0,0,0,7,0,1,0,1,0,0,0,0,0,1,9,0,1,0,23,0,4,6,0,0
2015,May 2015,25,4,0,0,0,0,0,7,0,0,0,1,0,0,0,0,0,1,9,0,1,0,24,0,4,8,0,0
2015,Jun 2015,27,5,0,0,0,0,0,6,0,0,0,1,0,0,0,0,0,2,9,0,1,0,26,0,5,8,0,0
2015,Jul 2015,26,5,0,0,0,0,0,4,0,3,0,1,0,0,0,0,0,0,9,0,1,0,25,0,5,8,0,0
2015,Aug 2015,23,5,0,0,0,0,0,3,0,3,0,1,0,0,0,0,0,0,9,0,1,0,22,0,5,6,0,0
2015,Sep 2015,21,5,0,0,0,0,0,2,0,3,0,1,0,0,0,0,0,0,9,0,1,0,20,0,5,5,0,0
2015,Oct 2015,21,3,0,0,0,0,0,2,0,3,0,1,0,0,0,0,0,0,9,0,1,0,20,0,5,7,0,0
2015,Nov 2015,21,3,0,0,0,0,0,3,0,4,0,2,0,0,0,0,0,0,9,0,2,0,19,0,4,5,0,0
2015,Dec 2015,19,3,0,0,0,0,0,3,0,4,0,1,0,0,0,0,0,0,9,0,1,0,18,0,4,4,0,0
2016,Jan 2016,19,3,0,0,0,0,0,3,0,4,0,1,0,0,0,0,0,0,9,0,1,0,18,0,3,5,0,0
2016,Feb 2016,20,2,1,0,0,0,0,4,0,5,0,2,0,0,0,0,0,0,9,0,1,0,18,0,2,5,0,0
2016,Mar 2016,19,3,1,0,0,0,0,3,0,5,0,3,0,0,0,0,0,0,9,0,2,0,16,0,2,3,0,0
2016,Apr 2016,18,4,1,0,0,0,0,2,0,4,0,3,0,0,0,0,0,1,9,0,2,0,15,0,1,3,0,0
2016,May 2016,17,4,1,0,0,0,0,2,0,3,0,2,0,0,0,0,1,3,9,0,1,0,15,0,1,1,0,0
2016,Jun 2016,16,3,1,0,0,0,0,3,0,3,0,2,0,0,0,0,0,2,9,0,1,0,14,0,2,1,0,0
2016,Jul 2016,16,3,0,0,0,0,0,4,0,3,0,0,0,0,0,0,0,0,9,0,0,0,16,0,3,3,0,0
2016,Aug 2016,17,0,0,0,0,0,0,4,0,1,0,3,0,0,0,0,0,0,9,0,3,0,14,0,4,5,0,0
2016,Sep 2016,18,2,0,0,0,0,0,5,0,1,0,3,0,0,0,0,0,0,9,0,3,0,15,0,2,5,0,0
2016,Oct 2016,18,2,0,0,0,0,0,4,0,1,0,3,0,0,0,0,0,0,9,0,3,0,15,0,3,5,0,0
2016,Nov 2016,19,3,0,0,0,0,0,5,0,1,0,2,0,0,0,0,0,0,9,0,2,0,17,0,3,5,0,0
2016,Dec 2016,18,4,0,0,0,0,0,5,0,1,0,0,0,0,0,0,0,0,9,0,0,0,18,0,3,5,0,0
2017,Jan 2017,20,5,0,0,0,0,0,4,0,1,0,0,0,0,0,0,0,0,9,0,0,0,20,0,4,6,0,0
2017,Feb 2017,21,5,0,0,0,0,0,4,0,1,0,0,0,0,0,0,0,0,9,0,0,0,21,0,5,6,0,0
2017,Mar 2017,18,4,0,0,0,0,0,1,0,0,0,2,0,0,0,0,0,0,9,0,2,0,16,0,7,4,0,0
2017,Apr 2017,16,3,0,0,0,0,0,1,0,1,0,2,0,0,0,0,0,0,9,0,1,0,14,1,6,3,0,0
2017,May 2017,17,4,0,0,0,0,0,1,0,1,0,1,0,0,0,0,0,1,9,0,0,0,16,1,6,3,0,0
2017,Jun 2017,17,4,0,0,0,0,0,1,0,1,0,1,0,0,0,0,0,1,9,0,0,0,16,1,4,5,0,0
2017,Jul 2017,16,4,0,0,0,0,0,2,0,1,0,1,0,0,0,0,0,1,9,0,0,0,15,1,4,3,0,0
2017,Aug 2017,16,4,0,0,0,0,0,3,0,2,0,1,0,0,0,0,0,1,9,0,1,0,15,0,4,1,0,0
2017,Sep 2017,15,3,0,0,0,0,0,3,0,3,0,1,0,0,0,0,0,0,9,0,1,0,14,0,5,0,0,0
2017,Oct 2017,16,3,0,0,0,0,0,2,0,2,0,1,0,0,0,0,0,0,9,0,1,0,15,0,4,4,0,0
2017,Nov 2017,15,4,0,0,0,0,0,2,0,2,0,0,0,0,0,0,0,0,9,0,0,0,15,0,4,3,0,0
2017,Dec 2017,15,3,0,0,0,0,0,2,0,2,0,1,0,0,0,0,0,0,9,0,1,0,14,0,4,3,0,0
2018,Jan 2018,15,3,0,0,0,0,0,2,0,2,0,0,0,0,0,0,0,0,9,0,0,0,15,0,5,3,0,0
2018,Feb 2018,16,3,0,0,0,0,0,1,0,2,0,0,0,0,0,0,0,2,9,0,0,0,16,0,6,2,0,0
2018,Mar 2018,17,3,0,0,0,0,0,1,0,2,0,1,0,0,0,0,0,1,9,0,1,0,16,0,6,3,0,0
2018,Apr 2018,15,2,0,0,0,0,0,2,0,2,0,2,0,0,0,0,0,1,9,0,2,0,13,0,3,3,0,0
2018,May 2018,11,1,0,0,0,0,0,2,0,2,0,1,0,0,0,0,0,1,9,0,1,0,10,0,2,2,0,0
